station,temperature,date_time
b46217,16.48333333,1/1/15 23:10
b46217,16.31875,1/2/15 23:10
b46217,16.04255319,1/3/15 23:10
b46217,16.05416667,1/4/15 23:10
b46217,16.075,1/5/15 23:10
b46217,16.05833333,1/6/15 23:10
b46217,16.12916667,1/7/15 23:10
b46217,16.08297872,1/8/15 23:10
b46217,15.97380952,1/9/15 23:10
b46217,15.81666667,1/10/15 23:10
b46217,16.2125,1/11/15 23:10
b46217,16.48125,1/12/15 23:10
b46217,16.40208333,1/13/15 23:10
b46217,16.48125,1/14/15 23:10
b46217,16.48333333,1/15/15 23:10
b46217,16.40625,1/16/15 23:10
b46217,16.52291667,1/17/15 23:10
b46217,16.51666667,1/18/15 23:10
b46217,16.4625,1/19/15 23:10
b46217,16.43541667,1/20/15 23:10
b46217,16.40416667,1/21/15 23:10
b46217,16.29555556,1/22/15 23:10
b46217,16.27916667,1/23/15 23:10
b46217,16.14166667,1/24/15 23:10
b46217,16.0212766,1/25/15 23:10
b46217,16.0125,1/26/15 23:10
b46217,16.21041667,1/27/15 23:10
b46217,16.28333333,1/28/15 23:10
b46217,16.2173913,1/29/15 23:10
b46217,16.16595745,1/30/15 23:10
b46217,16.04791667,1/31/15 23:10
b46217,16.36875,2/1/15 23:10
b46217,16.3875,2/2/15 23:10
b46217,16.44791667,2/3/15 23:10
b46217,16.53043478,2/4/15 23:10
b46217,16.26666667,2/5/15 23:10
b46217,16.25625,2/6/15 23:10
b46217,16.40714286,2/7/15 23:10
b46217,16.46052632,2/8/15 23:10
b46217,16.41363636,2/9/15 23:10
b46217,16.34791667,2/10/15 23:10
b46217,16.45208333,2/11/15 23:10
b46217,16.37021277,2/12/15 23:10
b46217,16.75106383,2/13/15 23:10
b46217,17.09375,2/14/15 23:10
b46217,16.69787234,2/15/15 23:10
b46217,16.65833333,2/16/15 23:10
b46217,16.55208333,2/17/15 23:10
b46217,16.48297872,2/18/15 23:10
b46217,16.55625,2/19/15 23:10
b46217,16.51666667,2/20/15 23:10
b46217,16.13333333,2/21/15 23:10
b46217,16.03125,2/22/15 23:10
b46217,15.9893617,2/23/15 23:10
b46217,15.99166667,2/24/15 23:10
b46217,15.9625,2/25/15 23:10
b46217,15.82608696,2/26/15 23:10
b46217,15.90416667,2/27/15 23:10
b46217,15.37435897,2/28/15 23:10
b46217,15.54166667,3/1/15 23:10
b46217,15.53478261,3/2/15 23:10
b46217,15.60952381,3/3/15 23:10
b46217,15.6,3/4/15 23:10
b46217,15.80625,3/5/15 23:10
b46217,15.87708333,3/6/15 23:10
b46217,15.99791667,3/7/15 23:10
b46217,15.9625,3/8/15 23:10
b46217,15.9125,3/9/15 23:10
b46217,15.9826087,3/10/15 23:10
b46217,15.89148936,3/11/15 23:10
b46217,15.8875,3/12/15 23:10
b46217,16.28333333,3/13/15 23:10
b46217,16.79583333,3/14/15 23:10
b46217,17.2326087,3/15/15 23:10
b46217,16.75,3/16/15 23:10
b46217,17.04042553,3/17/15 23:10
b46217,16.42708333,3/18/15 23:10
b46217,16.54255319,3/19/15 23:10
b46217,16.93829787,3/20/15 23:10
b46217,16.89791667,3/21/15 23:10
b46217,16.69791667,3/22/15 23:10
b46217,16.30208333,3/23/15 23:10
b46217,16.1893617,3/24/15 23:10
b46217,16.3787234,3/25/15 23:10
b46217,16.93333333,3/26/15 23:10
b46217,16.57916667,3/27/15 23:10
b46217,16.69574468,3/28/15 23:10
b46217,16.4106383,3/29/15 23:10
b46217,16.2125,3/30/15 23:10
b46217,15.83958333,3/31/15 23:10
b46217,15.47083333,4/1/15 23:10
b46217,15.15833333,4/2/15 23:10
b46217,15.20851064,4/3/15 23:10
b46217,15.30638298,4/4/15 23:10
b46217,15.63958333,4/5/15 23:10
b46217,14.96585366,4/6/15 23:10
b46217,14.60208333,4/7/15 23:10
b46217,14.40222222,4/8/15 23:10
b46217,14.36041667,4/9/15 23:10
b46217,14.33111111,4/10/15 23:10
b46217,13.9375,4/11/15 23:10
b46217,14.26666667,4/12/15 23:10
b46217,15.01521739,4/13/15 23:10
b46217,14.25348837,4/14/15 23:10
b46217,13.99772727,4/15/15 23:10
b46217,14.31086957,4/16/15 23:10
b46217,15.50625,4/17/15 23:10
b46217,15.65208333,4/18/15 23:10
b46217,14.91458333,4/19/15 23:10
b46217,14.49166667,4/20/15 23:10
b46217,14.17083333,4/21/15 23:10
b46217,14.47083333,4/22/15 23:10
b46217,14.84583333,4/23/15 23:10
b46217,14.61875,4/24/15 23:10
b46217,14.45,4/25/15 23:10
b46217,13.47708333,4/26/15 23:10
b46217,13.725,4/27/15 23:10
b46217,14.12708333,4/28/15 23:10
b46217,14.64583333,4/29/15 23:10
b46217,15.32916667,4/30/15 23:10
b46217,15.70681818,5/1/15 23:10
b46217,15.14375,5/2/15 23:10
b46217,14.65625,5/3/15 23:10
b46217,14.05,5/4/15 23:10
b46217,14.29791667,5/5/15 23:10
b46217,14.89574468,5/6/15 23:10
b46217,14.85625,5/7/15 23:10
b46217,14.75106383,5/8/15 23:10
b46217,14.77291667,5/9/15 23:10
b46217,14.78333333,5/10/15 23:10
b46217,14.83777778,5/11/15 23:10
b46217,14.55319149,5/12/15 23:10
b46217,14.79791667,5/13/15 23:10
b46217,14.90625,5/14/15 23:10
b46217,16.05208333,5/15/15 23:10
b46217,15.37659574,5/16/15 23:10
b46217,15.125,5/17/15 23:10
b46217,15.51458333,5/18/15 23:10
b46217,15.17173913,5/19/15 23:10
b46217,15.26666667,5/20/15 23:10
b46217,15.325,5/21/15 23:10
b46217,15.11875,5/22/15 23:10
b46217,15.23125,5/23/15 23:10
b46217,15.02291667,5/24/15 23:10
b46217,15.10625,5/25/15 23:10
b46217,15.37333333,5/26/15 23:10
b46217,15.66458333,5/27/15 23:10
b46217,15.87916667,5/28/15 23:10
b46217,15.82978723,5/29/15 23:10
b46217,15.75833333,5/30/15 23:10
b46217,15.40638298,5/31/15 23:10
b46217,15.27708333,6/1/15 23:10
b46217,15.71875,6/2/15 23:10
b46217,15.73958333,6/3/15 23:10
b46217,15.86363636,6/4/15 23:10
b46217,16.06875,6/5/15 23:10
b46217,17.20833333,6/6/15 23:10
b46217,17.20833333,6/7/15 23:10
b46217,17.48510638,6/8/15 23:10
b46217,16.73191489,6/9/15 23:10
b46217,17.14791667,6/10/15 23:10
b46217,17.45208333,6/11/15 23:10
b46217,17.11875,6/12/15 23:10
b46217,17.47291667,6/13/15 23:10
b46217,17.24791667,6/14/15 23:10
b46217,17.86382979,6/15/15 23:10
b46217,17.75777778,6/16/15 23:10
b46217,17.86666667,6/17/15 23:10
b46217,17.81875,6/18/15 23:10
b46217,18.09791667,6/19/15 23:10
b46217,18.10208333,6/20/15 23:10
b46217,17.69583333,6/21/15 23:10
b46217,17.66041667,6/22/15 23:10
b46217,17.65833333,6/23/15 23:10
b46217,17.74791667,6/24/15 23:10
b46217,17.92340426,6/25/15 23:10
b46217,18.06666667,6/26/15 23:10
b46217,17.71041667,6/27/15 23:10
b46217,17.5125,6/28/15 23:10
b46217,17.88541667,6/29/15 23:10
b46217,18.23541667,6/30/15 23:10
b46217,19.37083333,7/1/15 23:10
b46217,19.1,7/2/15 23:10
b46217,18.81458333,7/3/15 23:10
b46217,18.29583333,7/4/15 23:10
b46217,17.83191489,7/5/15 23:10
b46217,17.46458333,7/6/15 23:10
b46217,17.21875,7/7/15 23:10
b46217,16.60217391,7/8/15 23:10
b46217,16.72083333,7/9/15 23:10
b46217,17.40833333,7/10/15 23:10
b46217,17.84583333,7/11/15 23:10
b46217,18.20851064,7/12/15 23:10
b46217,18.35,7/13/15 23:10
b46217,18.37916667,7/14/15 23:10
b46217,18.47291667,7/15/15 23:10
b46217,18.525,7/16/15 23:10
b46217,17.64583333,7/17/15 23:10
b46217,18.65416667,7/18/15 23:10
b46217,19.96875,7/19/15 23:10
b46217,20.84130435,7/20/15 23:10
b46217,20.82083333,7/21/15 23:10
b46217,20.55957447,7/22/15 23:10
b46217,20.95416667,7/23/15 23:10
b46217,20.90625,7/24/15 23:10
b46217,21.22708333,7/25/15 23:10
b46217,20.75416667,7/26/15 23:10
b46217,20.52291667,7/27/15 23:10
b46217,20.86041667,7/28/15 23:10
b46217,21.51702128,7/29/15 23:10
b46217,21.23125,7/30/15 23:10
b46217,21.24042553,7/31/15 23:10
b46217,21.16875,8/1/15 23:10
b46217,21.11666667,8/2/15 23:10
b46217,20.54791667,8/3/15 23:10
b46217,20.16595745,8/4/15 23:10
b46217,19.68085106,8/5/15 23:10
b46217,18.95625,8/6/15 23:10
b46217,18.675,8/7/15 23:10
b46217,19.04375,8/8/15 23:10
b46217,18.77708333,8/9/15 23:10
b46217,19.60416667,8/10/15 23:10
b46217,19.02291667,8/11/15 23:10
b46217,19.49791667,8/12/15 23:10
b46217,19.00425532,8/13/15 23:10
b46217,19.1375,8/14/15 23:10
b46217,19.20652174,8/15/15 23:10
b46217,19.32083333,8/16/15 23:10
b46217,19.48723404,8/17/15 23:10
b46217,20.31666667,8/18/15 23:10
b46217,19.96458333,8/19/15 23:10
b46217,20.9125,8/20/15 23:10
b46217,20.56521739,8/21/15 23:10
b46217,20.64375,8/22/15 23:10
b46217,20.38333333,8/23/15 23:10
b46217,20.46904762,8/24/15 23:10
b46217,20.55,8/25/15 23:10
b46217,21.09166667,8/26/15 23:10
b46217,21.95625,8/27/15 23:10
b46217,22.38541667,8/28/15 23:10
b46217,22.5,8/29/15 23:10
b46217,21.73125,8/30/15 23:10
b46217,21.92765957,8/31/15 23:10
b46217,21.44893617,9/1/15 23:10
b46217,21.8125,9/2/15 23:10
b46217,21.75909091,9/3/15 23:10
b46217,22.01041667,9/4/15 23:10
b46217,21.84791667,9/5/15 23:10
b46217,21.79375,9/6/15 23:10
b46217,22.11702128,9/7/15 23:10
b46217,22.18958333,9/8/15 23:10
b46217,22.25625,9/9/15 23:10
b46217,22.825,9/10/15 23:10
b46217,23.33043478,9/11/15 23:10
b46217,22.9375,9/12/15 23:10
b46217,23.08695652,9/13/15 23:10
b46217,22.18536585,9/14/15 23:10
b46217,23.00638298,9/15/15 23:10
b46217,22.6212766,9/16/15 23:10
b46217,22.25208333,9/17/15 23:10
b46217,22.45833333,9/18/15 23:10
b46217,22.78958333,9/19/15 23:10
b46217,22.96222222,9/20/15 23:10
b46217,22.99583333,9/21/15 23:10
b46217,22.93541667,9/22/15 23:10
b46217,22.71875,9/23/15 23:10
b46217,22.92978723,9/24/15 23:10
b46217,23.08125,9/25/15 23:10
b46217,22.74166667,9/26/15 23:10
b46217,22.59791667,9/27/15 23:10
b46217,22.17083333,9/28/15 23:10
b46217,21.98510638,9/29/15 23:10
b46217,21.71666667,9/30/15 23:10
b46217,21.79791667,10/1/15 23:10
b46217,21.4,10/2/15 23:10
b46217,21.48125,10/3/15 23:10
b46217,20.96875,10/4/15 23:10
b46217,21.23541667,10/5/15 23:10
b46217,21.75625,10/6/15 23:10
b46217,21.93541667,10/7/15 23:10
b46217,21.52608696,10/8/15 23:10
b46217,21.8875,10/9/15 23:10
b46217,22.38541667,10/10/15 23:10
b46217,22.19583333,10/11/15 23:10
b46217,22.565,10/12/15 23:10
b46217,22.85,10/13/15 23:10
b46217,22.93913043,10/14/15 23:10
b46217,22.79583333,10/15/15 23:10
b46217,22.89583333,10/16/15 23:10
b46217,22.46666667,10/17/15 23:10
b46217,22.92083333,10/18/15 23:10
b46217,22.33541667,10/19/15 23:10
b46217,22.22708333,10/20/15 23:10
b46217,22.01875,10/21/15 23:10
b46217,21.95531915,10/22/15 23:10
b46217,21.72083333,10/23/15 23:10
b46217,21.65416667,10/24/15 23:10
b46217,21.36666667,10/25/15 23:10
b46217,21.31666667,10/26/15 23:10
b46217,21.09166667,10/27/15 23:10
b46217,20.85625,10/28/15 23:10
b46217,19.8125,10/29/15 23:10
b46217,19.21041667,10/30/15 23:10
b46217,19.96875,10/31/15 23:10
b46217,20.53617021,11/1/15 23:10
b46217,20.47291667,11/2/15 23:10
b46217,19.30625,11/3/15 23:10
b46217,18.59361702,11/4/15 23:10
b46217,17.92916667,11/5/15 23:10
b46217,17.98333333,11/6/15 23:10
b46217,18.9125,11/7/15 23:10
b46217,19.24791667,11/8/15 23:10
b46217,18.90212766,11/9/15 23:10
b46217,18.36458333,11/10/15 23:10
b46217,17.33404255,11/11/15 23:10
b46217,17.70416667,11/12/15 23:10
b46217,17.6902439,11/13/15 23:10
b46217,18.26170213,11/14/15 23:10
b46217,18.16041667,11/15/15 23:10
b46217,16.79166667,11/16/15 23:10
b46217,16.15208333,11/17/15 23:10
b46217,17.06666667,11/18/15 23:10
b46217,17.42291667,11/19/15 23:10
b46217,17.70638298,11/20/15 23:10
b46217,17.83958333,11/21/15 23:10
b46217,17.57708333,11/22/15 23:10
b46217,17.54565217,11/23/15 23:10
b46217,17.89583333,11/24/15 23:10
b46217,17.70833333,11/25/15 23:10
b46217,17.33125,11/26/15 23:10
b46217,18.10681818,11/27/15 23:10
b46217,18.28958333,11/28/15 23:10
b46217,18.37391304,11/29/15 23:10
b46217,18.17916667,11/30/15 23:10
b46217,18.15416667,12/1/15 23:10
b46217,18.11041667,12/2/15 23:10
b46217,18.10833333,12/3/15 23:10
b46217,18.17708333,12/4/15 23:10
b46217,17.93125,12/5/15 23:10
b46217,18.00416667,12/6/15 23:10
b46217,18.0875,12/7/15 23:10
b46217,17.97916667,12/8/15 23:10
b46217,17.95625,12/9/15 23:10
b46217,18.21956522,12/10/15 23:10
b46217,18.12083333,12/11/15 23:10
b46217,17.50416667,12/12/15 23:10
b46217,17.57083333,12/13/15 23:10
b46217,17.34255319,12/14/15 23:10
b46217,17.175,12/15/15 23:10
b46217,17.05833333,12/16/15 23:10
b46217,17.20416667,12/17/15 23:10
b46217,17.0625,12/18/15 23:10
b46217,16.88333333,12/19/15 23:10
b46217,16.65319149,12/20/15 23:10
b46217,17.3,12/21/15 23:10
b46217,17.05106383,12/22/15 23:10
b46217,16.575,12/23/15 23:10
b46217,16.09166667,12/24/15 23:10
b46217,15.56444444,12/25/15 23:10
b46217,15.5125,12/26/15 23:10
b46217,15.94166667,12/27/15 23:10
b46217,15.65744681,12/28/15 23:10
b46217,15.48125,12/29/15 23:10
b46217,15.37083333,12/30/15 23:10
b46217,15.33958333,12/31/15 23:10
b46217,15.30416667,1/1/16 23:10
b46217,15.01702128,1/2/16 23:10
b46217,14.74583333,1/3/16 23:10
b46217,14.8625,1/4/16 23:10
b46217,15.31276596,1/5/16 23:10
b46217,15.32608696,1/6/16 23:10
b46217,15.0125,1/7/16 23:10
b46217,14.94166667,1/8/16 23:10
b46217,15.31875,1/9/16 23:10
b46217,15.41041667,1/10/16 23:10
b46217,15.54042553,1/11/16 23:10
b46217,15.48541667,1/12/16 23:10
b46217,15.32708333,1/13/16 23:10
b46217,15.23125,1/14/16 23:10
b46217,15.37021277,1/15/16 23:10
b46217,15.37826087,1/16/16 23:10
b46217,15.11276596,1/17/16 23:10
b46217,15.10625,1/18/16 23:10
b46217,15.35744681,1/19/16 23:10
b46217,15.48333333,1/20/16 23:10
b46217,15.45454545,1/21/16 23:10
b46217,15.46170213,1/22/16 23:10
b46217,15.51458333,1/23/16 23:10
b46217,15.26458333,1/24/16 23:10
b46217,15.19375,1/25/16 23:10
b46217,15.01458333,1/26/16 23:10
b46217,15.12708333,1/27/16 23:10
b46217,15.13125,1/28/16 23:10
b46217,15.14042553,1/29/16 23:10
b46217,15.02708333,1/30/16 23:10
b46217,15.09166667,1/31/16 23:10
b46217,14.49791667,2/1/16 23:10
b46217,14.28297872,2/2/16 23:10
b46217,14.43809524,2/3/16 23:10
b46217,14.33777778,2/4/16 23:10
b46217,14.24772727,2/5/16 23:10
b46217,14.35,2/6/16 23:10
b46217,14.54222222,2/7/16 23:10
b46217,14.55555556,2/8/16 23:10
b46217,14.78043478,2/9/16 23:10
b46217,15.05384615,2/10/16 23:10
b46217,15.21136364,2/11/16 23:10
b46217,15.41666667,2/12/16 23:10
b46217,15.21111111,2/13/16 23:10
b46217,15.31304348,2/14/16 23:10
b46217,15.61276596,2/15/16 23:10
b46217,15.54545455,2/16/16 23:10
b46217,15.47173913,2/17/16 23:10
b46217,15.23958333,2/18/16 23:10
b46217,15.18297872,2/19/16 23:10
b46217,15.37777778,2/20/16 23:10
b46217,15.27446809,2/21/16 23:10
b46217,15.23404255,2/22/16 23:10
b46217,15.62608696,2/23/16 23:10
b46217,16.00208333,2/24/16 23:10
b46217,16.00851064,2/25/16 23:10
b46217,16.10638298,2/26/16 23:10
b46217,16.06458333,2/27/16 23:10
b46217,16.08333333,2/28/16 23:10
b46217,16.25106383,2/29/16 23:10
b46217,16.29565217,3/1/16 23:10
b46217,15.99787234,3/2/16 23:10
b46217,15.71702128,3/3/16 23:10
b46217,15.79375,3/4/16 23:10
b46217,16.07708333,3/5/16 23:10
b46217,15.90212766,3/6/16 23:10
b46217,15.43404255,3/7/16 23:10
b46217,15.26808511,3/8/16 23:10
b46217,15.30512821,3/9/16 23:10
b46217,15.3972973,3/10/16 23:10
b46217,15.4625,3/11/16 23:10
b46217,15.21041667,3/12/16 23:10
b46217,15.16595745,3/13/16 23:10
b46217,15.0375,3/14/16 23:10
b46217,15.30344828,3/15/16 23:10
b46217,15.09090909,3/16/16 23:10
b46217,15.71627907,3/17/16 23:10
b46217,15.53809524,3/18/16 23:10
b46217,15.43125,3/19/16 23:10
b46217,15.98125,3/20/16 23:10
b46217,15.65531915,3/21/16 23:10
b46217,14.55217391,3/22/16 23:10
b46217,14.72553191,3/23/16 23:10
b46217,15.04791667,3/24/16 23:10
b46217,15.29787234,3/25/16 23:10
b46217,15.16382979,3/26/16 23:10
b46217,14.75833333,3/27/16 23:10
b46217,14.4125,3/28/16 23:10
b46217,13.14583333,3/29/16 23:10
b46217,13.21086957,3/30/16 23:10
b46217,13.78541667,3/31/16 23:10
b46217,13.625,4/1/16 23:10
b46217,14.48333333,4/2/16 23:10
b46217,14.325,4/3/16 23:10
b46217,14.22978723,4/4/16 23:10
b46217,15.01041667,4/5/16 23:10
b46217,15.39166667,4/6/16 23:10
b46217,14.91702128,4/7/16 23:10
b46217,14.70652174,4/8/16 23:10
b46217,14.65744681,4/9/16 23:10
b46217,15.02340426,4/10/16 23:10
b46217,15.52291667,4/11/16 23:10
b46217,15.14444444,4/12/16 23:10
b46217,15.24166667,4/13/16 23:10
b46217,14.62340426,4/14/16 23:10
b46217,14.61956522,4/15/16 23:10
b46217,14.7673913,4/16/16 23:10
b46217,14.77446809,4/17/16 23:10
b46217,15.56086957,4/18/16 23:10
b46217,16.0787234,4/19/16 23:10
b46217,16.43404255,4/20/16 23:10
b46217,15.60789474,4/21/16 23:10
b46217,15.17045455,4/22/16 23:10
b46217,14.93777778,4/23/16 23:10
b46217,14.89148936,4/24/16 23:10
b46217,13.89574468,4/25/16 23:10
b46217,13.22916667,4/26/16 23:10
b46217,13.23478261,4/27/16 23:10
b46217,12.90212766,4/28/16 23:10
b46217,12.96888889,4/29/16 23:10
b46217,13.22083333,4/30/16 23:10
b46217,13.68695652,5/1/16 23:10
b46217,14.26666667,5/2/16 23:10
b46217,14.50208333,5/3/16 23:10
b46217,14.24375,5/4/16 23:10
b46217,14.84565217,5/5/16 23:10
b46217,15.46458333,5/6/16 23:10
b46217,15.93125,5/7/16 23:10
b46217,15.61489362,5/8/16 23:10
b46217,15.82916667,5/9/16 23:10
b46217,15.88444444,5/10/16 23:10
b46217,15.49782609,5/11/16 23:10
b46217,15.6,5/12/16 23:10
b46217,15.30638298,5/13/16 23:10
b46217,15.54782609,5/14/16 23:10
b46217,15.86046512,5/15/16 23:10
b46217,15.4255814,5/16/16 23:10
b46217,16.16136364,5/17/16 23:10
b46217,16.15348837,5/18/16 23:10
b46217,16.52083333,5/19/16 23:10
b46217,16.38085106,5/20/16 23:10
b46217,15.82954545,5/21/16 23:10
b46217,15.54222222,5/22/16 23:10
b46217,15.4787234,5/23/16 23:10
b46217,15.20888889,5/24/16 23:10
b46217,15.40454545,5/25/16 23:10
b46217,15.05238095,5/26/16 23:10
b46217,14.89090909,5/27/16 23:10
b46217,14.91555556,5/28/16 23:10
b46217,15.10888889,5/29/16 23:10
b46217,15.25106383,5/30/16 23:10
b46217,15.57391304,5/31/16 23:10
b46217,15.74680851,6/1/16 23:10
b46217,15.69583333,6/2/16 23:10
b46217,15.89787234,6/3/16 23:10
b46217,16.38888889,6/4/16 23:10
b46217,15.9787234,6/5/16 23:10
b46217,14.79787234,6/6/16 23:10
b46217,15.06170213,6/7/16 23:10
b46217,14.80681818,6/8/16 23:10
b46217,14.41555556,6/9/16 23:10
b46217,15.11111111,6/10/16 23:10
b46217,15.30714286,6/11/16 23:10
b46217,15.69130435,6/12/16 23:10
b46217,16.28,6/13/16 23:10
b46217,16.41555556,6/14/16 23:10
b46217,16.31276596,6/15/16 23:10
b46217,15.93409091,6/16/16 23:10
b46217,15.66666667,6/17/16 23:10
b46217,15.39302326,6/18/16 23:10
b46217,15.525,6/19/16 23:10
b46217,15.57777778,6/20/16 23:10
b46217,15.75384615,6/21/16 23:10
b46217,16.37209302,6/22/16 23:10
b46217,15.72380952,6/23/16 23:10
b46217,16.90222222,6/24/16 23:10
b46217,16.78974359,6/25/16 23:10
b46217,18.72619048,6/26/16 23:10
b46217,19.61,6/27/16 23:10
b46217,19.15384615,6/28/16 23:10
b46217,19.56304348,6/29/16 23:10
b46217,19.35681818,6/30/16 23:10
b46217,19.12439024,7/1/16 23:10
b46217,19.58139535,7/2/16 23:10
b46217,19.4974359,7/3/16 23:10
b46217,19.37045455,7/4/16 23:10
b46217,19.25,7/5/16 23:10
b46217,19.23478261,7/6/16 23:10
b46217,19.38297872,7/7/16 23:10
b46217,19.21860465,7/8/16 23:10
b46217,18.86341463,7/9/16 23:10
b46217,18.93829787,7/10/16 23:10
b46217,18.94166667,7/11/16 23:10
b46217,18.81304348,7/12/16 23:10
b46217,18.95121951,7/13/16 23:10
b46217,19.20232558,7/14/16 23:10
b46217,19.66444444,7/15/16 23:10
b46217,19.91086957,7/16/16 23:10
b46217,19.95121951,7/17/16 23:10
b46217,20.32272727,7/18/16 23:10
b46217,20.12325581,7/19/16 23:10
b46217,20.15348837,7/20/16 23:10
b46217,19.98666667,7/21/16 23:10
b46217,19.69268293,7/22/16 23:10
b46217,19.56,7/23/16 23:10
b46217,21.06041667,7/24/16 23:10
b46217,20.9,7/25/16 23:10
b46217,19.80851064,7/26/16 23:10
b46217,19.24047619,7/27/16 23:10
b46217,19.89782609,7/28/16 23:10
b46217,19.83913043,7/29/16 23:10
b46217,20.17142857,7/30/16 23:10
b46217,20.93913043,7/31/16 23:10
b46217,20.72439024,8/1/16 23:10
b46217,20.40666667,8/2/16 23:10
b46217,20.42391304,8/3/16 23:10
b46217,20.19761905,8/4/16 23:10
b46217,19.62727273,8/5/16 23:10
b46217,19.05116279,8/6/16 23:10
b46217,19.01818182,8/7/16 23:10
b46217,19.77555556,8/8/16 23:10
b46217,19.66170213,8/9/16 23:10
b46217,20.16904762,8/10/16 23:10
b46217,21.28837209,8/11/16 23:10
b46217,21.03181818,8/12/16 23:10
b46217,20.77272727,8/13/16 23:10
b46217,20.5173913,8/14/16 23:10
b46217,20.29090909,8/15/16 23:10
b46217,19.81463415,8/16/16 23:10
b46217,19.37727273,8/17/16 23:10
b46217,19.62682927,8/18/16 23:10
b46217,19.91304348,8/19/16 23:10
b46217,19.18444444,8/20/16 23:10
b46217,18.79772727,8/21/16 23:10
b46217,18.57045455,8/22/16 23:10
b46217,18.59772727,8/23/16 23:10
b46217,18.46585366,8/24/16 23:10
b46217,18.0787234,8/25/16 23:10
b46217,18.01818182,8/26/16 23:10
b46217,18.29111111,8/27/16 23:10
b46217,17.92173913,8/28/16 23:10
b46217,17.71162791,8/29/16 23:10
b46217,18.48604651,8/30/16 23:10
b46217,18.88536585,8/31/16 23:10
b46217,18.32619048,9/1/16 23:10
b46217,18.5025,9/2/16 23:10
b46217,19.12045455,9/3/16 23:10
b46217,19.29268293,9/4/16 23:10
b46217,18.87317073,9/5/16 23:10
b46217,19.11794872,9/6/16 23:10
b46217,19.59761905,9/7/16 23:10
b46217,20.62,9/8/16 23:10
b46217,20.47857143,9/9/16 23:10
b46217,19.92666667,9/10/16 23:10
b46217,19.78809524,9/11/16 23:10
b46217,19.27826087,9/12/16 23:10
b46217,19.29545455,9/13/16 23:10
b46217,19.5575,9/14/16 23:10
b46217,19.54285714,9/15/16 23:10
b46217,19.73333333,9/16/16 23:10
b46217,19.25384615,9/17/16 23:10
b46217,19.30731707,9/18/16 23:10
b46217,19.06904762,9/19/16 23:10
b46217,19.6575,9/20/16 23:10
b46217,19.68421053,9/21/16 23:10
b46217,18.96216216,9/22/16 23:10
b46217,17.70526316,9/23/16 23:10
b46217,18.40344828,9/24/16 23:10
b46217,18.825,9/25/16 23:10
b46217,19.54166667,9/26/16 23:10
b46217,19.65675676,9/27/16 23:10
b46217,21.06842105,9/28/16 23:10
b46217,20.01764706,9/29/16 23:10
b46217,19.6625,9/30/16 23:10
b46217,19.6625,10/1/16 23:10
b46217,19.27435897,10/2/16 23:10
b46217,18.62903226,10/3/16 23:10
b46217,17.85945946,10/4/16 23:10
b46217,18.37647059,10/5/16 23:10
b46217,17.71891892,10/6/16 23:10
b46217,17.62121212,10/7/16 23:10
b46217,18.50625,10/8/16 23:10
b46217,18.46857143,10/9/16 23:10
b46217,18.32,10/10/16 23:10
b46217,18.14848485,10/11/16 23:10
b46217,17.765625,10/12/16 23:10
b46217,17.244,10/13/16 23:10
b46217,17.03333333,10/14/16 23:10
b46217,17.104,10/15/16 23:10
b46217,16.71714286,10/16/16 23:10
b46217,16.97647059,10/17/16 23:10
b46217,17.121875,10/18/16 23:10
b46217,17.278125,10/19/16 23:10
b46217,17.40689655,10/20/16 23:10
b46217,17.97941176,10/21/16 23:10
b46217,17.21875,10/22/16 23:10
b46217,16.9125,10/23/16 23:10
b46217,17.275,10/24/16 23:10
b46217,17.37083333,10/25/16 23:10
b46217,17.47021277,10/26/16 23:10
b46217,17.96304348,10/27/16 23:10
b46217,17.86808511,10/28/16 23:10
b46217,17.57708333,10/29/16 23:10
b46217,17.17708333,10/30/16 23:10
b46217,17.52291667,10/31/16 23:10
b46217,17.55625,11/1/16 23:10
b46217,17.30208333,11/2/16 23:10
b46217,17.08085106,11/3/16 23:10
b46217,17.15,11/4/16 23:10
b46217,17.16382979,11/5/16 23:10
b46217,16.91111111,11/6/16 23:10
b46217,17.24878049,11/7/16 23:10
b46217,17.37368421,11/8/16 23:10
b46217,17.26666667,11/9/16 23:10
b46217,17.68541667,11/10/16 23:10
b46217,17.93333333,11/11/16 23:10
b46217,17.64130435,11/12/16 23:10
b46217,17.69787234,11/13/16 23:10
b46217,17.91489362,11/14/16 23:10
b46217,17.94375,11/15/16 23:10
b46217,17.61489362,11/16/16 23:10
b46217,16.85833333,11/17/16 23:10
b46217,16.6893617,11/18/16 23:10
b46217,17.14042553,11/19/16 23:10
b46217,17.34166667,11/20/16 23:10
b46217,18.06458333,11/21/16 23:10
b46217,17.61304348,11/22/16 23:10
b46217,17.5673913,11/23/16 23:10
b46217,17.44893617,11/24/16 23:10
b46217,17.39583333,11/25/16 23:10
b46217,16.87083333,11/26/16 23:10
b46217,16.51702128,11/27/16 23:10
b46217,15.46458333,11/28/16 23:10
b46217,15.375,11/29/16 23:10
b46217,15.28541667,11/30/16 23:10
b46217,15.31333333,12/1/16 23:10
b46217,15.47234043,12/2/16 23:10
b46217,15.125,12/3/16 23:10
b46217,15.46666667,12/4/16 23:10
b46217,15.60638298,12/5/16 23:10
b46217,15.49148936,12/6/16 23:10
b46217,15.125,12/7/16 23:10
b46217,15.12291667,12/8/16 23:10
b46217,15.21702128,12/9/16 23:10
b46217,15.21458333,12/10/16 23:10
b46217,15.17446809,12/11/16 23:10
b46217,15.08085106,12/12/16 23:10
b46217,15.16808511,12/13/16 23:10
b46217,15.24166667,12/14/16 23:10
b46217,15.07608696,12/15/16 23:10
b46217,15.10425532,12/16/16 23:10
b46217,14.03541667,12/17/16 23:10
b46217,14.21666667,12/18/16 23:10
b46217,13.89166667,12/19/16 23:10
b46217,13.46458333,12/20/16 23:10
b46217,13.92765957,12/21/16 23:10
b46217,14.575,12/22/16 23:10
b46217,14.25,12/23/16 23:10
b46217,13.23333333,12/24/16 23:10
b46217,13.09791667,12/25/16 23:10
b46217,13.62916667,12/26/16 23:10
b46217,13.875,12/27/16 23:10
b46217,13.92340426,12/28/16 23:10
b46217,14.5125,12/29/16 23:10
b46217,14.62291667,12/30/16 23:10
b46217,14.41875,12/31/16 23:10
b46217,14.29782609,1/1/17 23:10
b46217,14.39791667,1/2/17 23:10
b46217,14.4125,1/3/17 23:10
b46217,14.40208333,1/4/17 23:10
b46217,14.33541667,1/5/17 23:10
b46217,14.41702128,1/6/17 23:10
b46217,14.1826087,1/7/17 23:10
b46217,14.35744681,1/8/17 23:10
b46217,14.72083333,1/9/17 23:10
b46217,14.74680851,1/10/17 23:10
b46217,14.83617021,1/11/17 23:10
b46217,14.77708333,1/12/17 23:10
b46217,14.65434783,1/13/17 23:10
b46217,14.5125,1/14/17 23:10
b46217,14.54893617,1/15/17 23:10
b46217,14.64444444,1/16/17 23:10
b46217,14.80212766,1/17/17 23:10
b46217,14.58125,1/18/17 23:10
b46217,14.39375,1/19/17 23:10
b46217,14.3625,1/20/17 23:10
b46217,14.0625,1/21/17 23:10
b46217,13.95416667,1/22/17 23:10
b46217,13.88333333,1/23/17 23:10
b46217,13.81666667,1/24/17 23:10
b46217,13.74042553,1/25/17 23:10
b46217,13.65833333,1/26/17 23:10
b46217,13.84166667,1/27/17 23:10
b46217,14.12978723,1/28/17 23:10
b46217,13.72083333,1/29/17 23:10
b46217,14.02708333,1/30/17 23:10
b46217,14.73191489,1/31/17 23:10
b46217,14.26595745,2/1/17 23:10
b46217,13.92978723,2/2/17 23:10
b46217,13.8173913,2/3/17 23:10
b46217,14.01041667,2/4/17 23:10
b46217,13.95957447,2/5/17 23:10
b46217,13.91136364,2/6/17 23:10
b46217,14.275,2/7/17 23:10
b46217,14.66875,2/8/17 23:10
b46217,14.53478261,2/9/17 23:10
b46217,14.52553191,2/10/17 23:10
b46217,14.35957447,2/11/17 23:10
b46217,13.98333333,2/12/17 23:10
b46217,14.1875,2/13/17 23:10
b46217,14.41458333,2/14/17 23:10
b46217,14.44468085,2/15/17 23:10
b46217,14.40425532,2/16/17 23:10
b46217,14.15208333,2/17/17 23:10
b46217,14.08125,2/18/17 23:10
b46217,14.10625,2/19/17 23:10
b46217,14.57021277,2/20/17 23:10
b46217,14.57708333,2/21/17 23:10
b46217,14.64782609,2/22/17 23:10
b46217,14.3326087,2/23/17 23:10
b46217,14.12553191,2/24/17 23:10
b46217,14.02340426,2/25/17 23:10
b46217,13.69302326,2/26/17 23:10
b46217,13.75625,2/27/17 23:10
b46217,13.55,2/28/17 23:10
b46217,13.58837209,3/1/17 23:10
b46217,13.71111111,3/2/17 23:10
b46217,14.11489362,3/3/17 23:10
b46217,14.05531915,3/4/17 23:10
b46217,13.67708333,3/5/17 23:10
b46217,13.10625,3/6/17 23:10
b46217,13.17391304,3/7/17 23:10
b46217,13.39361702,3/8/17 23:10
b46217,14.00416667,3/9/17 23:10
b46217,14.5744186,3/10/17 23:10
b46217,14.46382979,3/11/17 23:10
b46217,14.5875,3/12/17 23:10
b46217,14.46875,3/13/17 23:10
b46217,14.65833333,3/14/17 23:10
b46217,14.56808511,3/15/17 23:10
b46217,14.44893617,3/16/17 23:10
b46217,14.68333333,3/17/17 23:10
b46217,14.65652174,3/18/17 23:10
b46217,15.06875,3/19/17 23:10
b46217,14.95,3/20/17 23:10
b46217,14.83191489,3/21/17 23:10
b46217,14.51086957,3/22/17 23:10
b46217,14.14375,3/23/17 23:10
b46217,14.07333333,3/24/17 23:10
b46217,14.03125,3/25/17 23:10
b46217,14.25625,3/26/17 23:10
b46217,14.28541667,3/27/17 23:10
b46217,13.84324324,3/28/17 23:10
b46217,14.20833333,3/29/17 23:10
b46217,14.48723404,3/30/17 23:10
b46217,13.35833333,3/31/17 23:10
b46217,13.51489362,4/1/17 23:10
b46217,13.89130435,4/2/17 23:10
b46217,13.9875,4/3/17 23:10
b46217,14.13958333,4/4/17 23:10
b46217,14.37021277,4/5/17 23:10
b46217,14.925,4/6/17 23:10
b46217,14.53829787,4/7/17 23:10
b46217,14.52553191,4/8/17 23:10
b46217,13.41333333,4/9/17 23:10
b46217,13.33541667,4/10/17 23:10
b46217,13.50833333,4/11/17 23:10
b46217,13.72708333,4/12/17 23:10
b46217,14.05625,4/13/17 23:10
b46217,13.42916667,4/14/17 23:10
b46217,14.04583333,4/15/17 23:10
b46217,14.06595745,4/16/17 23:10
b46217,13.97083333,4/17/17 23:10
b46217,14.14444444,4/18/17 23:10
b46217,14.37291667,4/19/17 23:10
b46217,13.70416667,4/20/17 23:10
b46217,13.35833333,4/21/17 23:10
b46217,13.70833333,4/22/17 23:10
b46217,13.61702128,4/23/17 23:10
b46217,12.92916667,4/24/17 23:10
b46217,12.57446809,4/25/17 23:10
b46217,12.34255319,4/26/17 23:10
b46217,12.40851064,4/27/17 23:10
b46217,12.34166667,4/28/17 23:10
b46217,12.4893617,4/29/17 23:10
b46217,12.93333333,4/30/17 23:10
b46217,13.6125,5/1/17 23:10
b46217,14.1212766,5/2/17 23:10
b46217,14.32325581,5/3/17 23:10
b46217,14.95106383,5/4/17 23:10
b46217,14.58695652,5/5/17 23:10
b46217,14.49166667,5/6/17 23:10
b46217,13.27708333,5/7/17 23:10
b46217,13.61875,5/8/17 23:10
b46217,13.80212766,5/9/17 23:10
b46217,15.43,5/10/17 23:10
b46217,15.86444444,5/11/17 23:10
b46217,15.54791667,5/12/17 23:10
b46217,15.06666667,5/13/17 23:10
b46217,14.12391304,5/14/17 23:10
b46217,13.95833333,5/15/17 23:10
b46217,13.51458333,5/16/17 23:10
b46217,13.74166667,5/17/17 23:10
b46217,13.75217391,5/18/17 23:10
b46217,14.22978723,5/19/17 23:10
b46217,15.14680851,5/20/17 23:10
b46217,14.67555556,5/21/17 23:10
b46217,15.02727273,5/22/17 23:10
b46217,14.88444444,5/23/17 23:10
b46217,14.27073171,5/24/17 23:10
b46217,14.3,5/25/17 23:10
b46217,15.04,5/26/17 23:10
b46217,15.0974359,5/27/17 23:10
b46217,14.52173913,5/28/17 23:10
b46217,15.25454545,5/29/17 23:10
b46217,15.5627907,5/30/17 23:10
b46217,15.45744681,5/31/17 23:10
b46217,15.8255814,6/1/17 23:10
b46217,16.265,6/2/17 23:10
b46217,16.30681818,6/3/17 23:10
b46217,16.58125,6/4/17 23:10
b46217,17.01489362,6/5/17 23:10
b46217,16.97173913,6/6/17 23:10
b46217,17.04666667,6/7/17 23:10
b46217,17.13636364,6/8/17 23:10
b46217,17.16304348,6/9/17 23:10
b46217,16.66444444,6/10/17 23:10
b46217,16.58958333,6/11/17 23:10
b46217,16.06363636,6/12/17 23:10
b46217,15.95365854,6/13/17 23:10
b46217,16.1326087,6/14/17 23:10
b46217,17.19361702,6/15/17 23:10
b46217,17.30652174,6/16/17 23:10
b46217,17.31777778,6/17/17 23:10
b46217,17.70208333,6/18/17 23:10
b46217,17.92608696,6/19/17 23:10
b46217,17.86808511,6/20/17 23:10
b46217,17.70909091,6/21/17 23:10
b46217,17.48723404,6/22/17 23:10
b46217,17.97111111,6/23/17 23:10
b46217,17.7625,6/24/17 23:10
b46217,17.31666667,6/25/17 23:10
b46217,16.97111111,6/26/17 23:10
b46217,17.02553191,6/27/17 23:10
b46217,16.88478261,6/28/17 23:10
b46217,16.78043478,6/29/17 23:10
b46217,16.84791667,6/30/17 23:10
b46217,17.06956522,7/1/17 23:10
b46217,17.35,7/2/17 23:10
b46217,17.99791667,7/3/17 23:10
b46217,18.13695652,7/4/17 23:10
b46217,18.17173913,7/5/17 23:10
b46217,18.21489362,7/6/17 23:10
b46217,18.25217391,7/7/17 23:10
b46217,18.65434783,7/8/17 23:10
b46217,19.20444444,7/9/17 23:10
b46217,19.15531915,7/10/17 23:10
b46217,20.20869565,7/11/17 23:10
b46217,20.31333333,7/12/17 23:10
b46217,19.14680851,7/13/17 23:10
b46217,18.82391304,7/14/17 23:10
b46217,18.79361702,7/15/17 23:10
b46217,19.56666667,7/16/17 23:10
b46217,20.03617021,7/17/17 23:10
b46217,19.93125,7/18/17 23:10
b46217,19.47333333,7/19/17 23:10
b46217,19.11276596,7/20/17 23:10
b46217,18.82391304,7/21/17 23:10
b46217,18.91914894,7/22/17 23:10
b46217,19.38541667,7/23/17 23:10
b46217,19.83478261,7/24/17 23:10
b46217,20.10217391,7/25/17 23:10
b46217,20.01111111,7/26/17 23:10
b46217,19.88043478,7/27/17 23:10
b46217,19.85454545,7/28/17 23:10
b46217,20.26808511,7/29/17 23:10
b46217,20.01702128,7/30/17 23:10
b46217,19.1,7/31/17 23:10
b46217,18.675,8/1/17 23:10
b46217,19.43617021,8/2/17 23:10
b46217,20.45744681,8/3/17 23:10
b46217,20.89574468,8/4/17 23:10
b46217,20.75531915,8/5/17 23:10
b46217,20.37234043,8/6/17 23:10
b46217,19.98125,8/7/17 23:10
b46217,19.47826087,8/8/17 23:10
b46217,19.17,8/9/17 23:10
b46217,19.82,8/11/17 23:10
b46217,19.56,8/12/17 23:10
b46217,18.8255814,8/13/17 23:10
b46217,18.88636364,8/14/17 23:10
b46217,18.76046512,8/15/17 23:10
b46217,18.8804878,8/16/17 23:10
b46217,19.09512195,8/17/17 23:10
b46217,19.35454545,8/18/17 23:10
b46217,19.59090909,8/19/17 23:10
b46217,19.53809524,8/20/17 23:10
b46217,19.54888889,8/21/17 23:10
b46217,19.5825,8/22/17 23:10
b46217,19.16341463,8/23/17 23:10
b46217,19.03023256,8/24/17 23:10
b46217,19.74893617,8/25/17 23:10
b46217,20.97619048,8/26/17 23:10
b46217,20.74634146,8/27/17 23:10
b46217,20.51162791,8/28/17 23:10
b46217,19.75957447,8/29/17 23:10
b46217,19.66578947,8/30/17 23:10
b46217,19.77954545,8/31/17 23:10
b46217,20.02978723,9/1/17 23:10
b46217,20.67045455,9/2/17 23:10
b46217,21.19777778,9/3/17 23:10
b46217,20.92790698,9/4/17 23:10
b46217,21.11190476,9/5/17 23:10
b46217,20.47391304,9/6/17 23:10
b46217,20.04222222,9/7/17 23:10
b46217,19.71904762,9/8/17 23:10
b46217,20.34634146,9/9/17 23:10
b46217,20.17727273,9/10/17 23:10
b46217,20.19767442,9/11/17 23:10
b46217,20.2125,9/12/17 23:10
b46217,20.15238095,9/13/17 23:10
b46217,19.92222222,9/14/17 23:10
b46217,19.76444444,9/15/17 23:10
b46217,19.56046512,9/16/17 23:10
b46217,18.68095238,9/17/17 23:10
b46217,18.65348837,9/18/17 23:10
b46217,19.49761905,9/19/17 23:10
b46217,19.7425,9/20/17 23:10
b46217,19.44390244,9/21/17 23:10
b46217,17.72790698,9/22/17 23:10
b46217,16.82682927,9/23/17 23:10
b46217,17.18181818,9/24/17 23:10
b46217,18.00487805,9/25/17 23:10
b46217,17.99333333,9/26/17 23:10
b46217,18.01904762,9/27/17 23:10
b46217,18.37674419,9/28/17 23:10
b46217,18.14666667,9/29/17 23:10
b46217,18.11555556,9/30/17 23:10
b46217,18.0952381,10/1/17 23:10
b46217,18.60909091,10/2/17 23:10
b46217,19.07857143,10/3/17 23:10
b46217,19.55365854,10/4/17 23:10
b46217,20.775,10/5/17 23:10
b46217,20.75116279,10/6/17 23:10
b46217,20.45,10/7/17 23:10
b46217,19.74666667,10/8/17 23:10
b46217,19.4547619,10/9/17 23:10
b46217,19.25227273,10/10/17 23:10
b46217,19.21489362,10/11/17 23:10
b46217,19.00217391,10/12/17 23:10
b46217,19.50357143,10/13/17 23:10
b46217,19.43181818,10/14/17 23:10
b46217,19.82888889,10/15/17 23:10
b46217,19.56170213,10/16/17 23:10
b46217,19.32553191,10/17/17 23:10
b46217,19.04255319,10/18/17 23:10
b46217,18.66808511,10/19/17 23:10
b46217,18.14565217,10/20/17 23:10
b46217,17.0326087,10/21/17 23:10
b46217,17.45652174,10/22/17 23:10
b46217,18.35909091,10/23/17 23:10
b46217,17.85434783,10/24/17 23:10
b46217,18.25853659,10/25/17 23:10
b46217,18.56595745,10/26/17 23:10
b46217,18.39791667,10/27/17 23:10
b46217,17.80833333,10/28/17 23:10
b46217,17.33191489,10/29/17 23:10
b46217,17.53695652,10/30/17 23:10
b46217,18.13043478,10/31/17 23:10
b46217,18.32978723,11/1/17 23:10
b46217,18.91333333,11/2/17 23:10
b46217,19.33095238,11/3/17 23:10
b46217,19.36382979,11/4/17 23:10
b46217,18.84130435,11/5/17 23:10
b46217,18.32765957,11/6/17 23:10
b46217,18.23863636,11/7/17 23:10
b46217,18.325,11/8/17 23:10
b46217,18.325,11/9/17 23:10
b46217,17.84468085,11/10/17 23:10
b46217,17.44444444,11/11/17 23:10
b46217,17.50444444,11/12/17 23:10
b46217,17.41777778,11/13/17 23:10
b46217,17.25208333,11/14/17 23:10
b46217,17.12291667,11/15/17 23:10
b46217,17.12291667,11/16/17 23:10
b46217,17.47083333,11/17/17 23:10
b46217,16.60416667,11/18/17 23:10
b46217,16.13333333,11/19/17 23:10
b46217,15.83829787,11/20/17 23:10
b46217,16.29761905,11/21/17 23:10
b46217,16.07333333,11/22/17 23:10
b46217,16.17446809,11/23/17 23:10
b46217,16.37391304,11/24/17 23:10
b46217,16.9212766,11/25/17 23:10
b46217,17.13191489,11/26/17 23:10
b46217,16.65319149,11/27/17 23:10
b46217,15.97826087,11/28/17 23:10
b46217,16.09318182,11/29/17 23:10
b46217,16.00487805,11/30/17 23:10
b46217,16.44444444,12/1/17 23:10
b46217,16.6,12/2/17 23:10
b46217,16.6,12/3/17 23:10
b46217,16.54186047,12/4/17 23:10
b46217,16.03043478,12/5/17 23:10
b46217,15.40222222,12/6/17 23:10
b46217,14.99534884,12/7/17 23:10
b46217,14.85957447,12/8/17 23:10
b46217,15.21818182,12/9/17 23:10
b46217,15.30652174,12/10/17 23:10
b46217,15.73863636,12/11/17 23:10
b46217,16.07045455,12/12/17 23:10
b46217,16.24883721,12/13/17 23:10
b46217,16.25227273,12/14/17 23:10
b46217,16.21818182,12/15/17 23:10
b46217,16.04318182,12/16/17 23:10
b46217,16.025,12/17/17 23:10
b46217,15.80227273,12/18/17 23:10
b46217,15.96304348,12/19/17 23:10
b46217,15.99375,12/20/17 23:10
b46217,15.62444444,12/21/17 23:10
b46217,15.475,12/22/17 23:10
b46217,15.49111111,12/23/17 23:10
b46217,15.27272727,12/24/17 23:10
b46217,15.28863636,12/25/17 23:10
b46217,15.36666667,12/26/17 23:10
b46217,15.32444444,12/27/17 23:10
b46217,15.55531915,12/28/17 23:10
b46217,15.53478261,12/29/17 23:10
b46217,15.64042553,12/30/17 23:10
b46217,15.68695652,12/31/17 23:10
b46217,15.9673913,1/1/18 23:10
b46217,16.06666667,1/2/18 23:10
b46217,15.73863636,1/3/18 23:10
b46217,16.02790698,1/4/18 23:10
b46217,15.82272727,1/5/18 23:10
b46217,16.1326087,1/6/18 23:10
b46217,16.0875,1/7/18 23:10
b46217,15.66888889,1/8/18 23:10
b46217,15.725,1/9/18 23:10
b46217,15.76888889,1/10/18 23:10
b46217,15.86590909,1/11/18 23:10
b46217,16.26363636,1/12/18 23:10
b46217,16.275,1/13/18 23:10
b46217,16.05652174,1/14/18 23:10
b46217,16.03181818,1/15/18 23:10
b46217,16.03409091,1/16/18 23:10
b46217,16.11627907,1/17/18 23:10
b46217,16.19090909,1/18/18 23:10
b46217,16.15681818,1/19/18 23:10
b46217,15.64186047,1/20/18 23:10
b46217,15.00869565,1/21/18 23:10
b46217,14.98913043,1/22/18 23:10
b46217,15.04042553,1/23/18 23:10
b46217,15.1627907,1/24/18 23:10
b46217,14.83617021,1/25/18 23:10
b46217,14.59148936,1/26/18 23:10
b46217,14.55,1/27/18 23:10
b46217,14.63125,1/28/18 23:10
b46217,14.65869565,1/29/18 23:10
b46217,14.65217391,1/30/18 23:10
b46217,14.77333333,1/31/18 23:10
b46217,14.96444444,2/1/18 23:10
b46217,14.8,2/2/18 23:10
b46217,14.67391304,2/3/18 23:10
b46217,14.55,2/4/18 23:10
b46217,14.62978723,2/5/18 23:10
b46217,15.42666667,2/6/18 23:10
b46217,15.39148936,2/7/18 23:10
b46217,15.45227273,2/8/18 23:10
b46217,15.45555556,2/9/18 23:10
b46217,15.36808511,2/10/18 23:10
b46217,15.37446809,2/11/18 23:10
b46217,15.45111111,2/12/18 23:10
b46217,15.025,2/13/18 23:10
b46217,14.99318182,2/14/18 23:10
b46217,15.12888889,2/15/18 23:10
b46217,15.22790698,2/16/18 23:10
b46217,15.29534884,2/17/18 23:10
b46217,15.38863636,2/18/18 23:10
b46217,14.65777778,2/19/18 23:10
b46217,14.18043478,2/20/18 23:10
b46217,13.99333333,2/21/18 23:10
b46217,13.81777778,2/22/18 23:10
b46217,13.38958333,2/23/18 23:10
b46217,13.36428571,2/24/18 23:10
b46217,13.57173913,2/25/18 23:10
b46217,13.65319149,2/26/18 23:10
b46217,13.62553191,2/27/18 23:10
b46217,13.45416667,2/28/18 23:10
b46217,13.41914894,3/1/18 23:10
b46217,13.56808511,3/2/18 23:10
b46217,13.49166667,3/3/18 23:10
b46217,13.36,3/4/18 23:10
b46217,13.365,3/5/18 23:10
b46217,13.45333333,3/6/18 23:10
b46217,13.74680851,3/7/18 23:10
b46217,13.29090909,3/8/18 23:10
b46217,13.47391304,3/9/18 23:10
b46217,13.49375,3/10/18 23:10
b46217,13.67608696,3/11/18 23:10
b46217,13.92553191,3/12/18 23:10
b46217,13.87659574,3/13/18 23:10
b46217,14.075,3/14/18 23:10
b46217,13.75416667,3/15/18 23:10
b46217,13.46875,3/16/18 23:10
b46217,13.43404255,3/17/18 23:10
b46217,13.11702128,3/18/18 23:10
b46217,13.75531915,3/19/18 23:10
b46217,13.5212766,3/20/18 23:10
b46217,13.23478261,3/21/18 23:10
b46217,13.20425532,3/22/18 23:10
b46217,13.31041667,3/23/18 23:10
b46217,13.48913043,3/24/18 23:10
b46217,13.00208333,3/25/18 23:10
b46217,12.75,3/26/18 23:10
b46217,12.58541667,3/27/18 23:10
b46217,13.13829787,3/28/18 23:10
b46217,12.95869565,3/29/18 23:10
b46217,13.27333333,3/30/18 23:10
b46217,13.05208333,3/31/18 23:10
b46217,13.31041667,4/1/18 23:10
b46217,13.36382979,4/2/18 23:10
b46217,13.65434783,4/3/18 23:10
b46217,13.1826087,4/4/18 23:10
b46217,13.2106383,4/5/18 23:10
b46217,12.91702128,4/6/18 23:10
b46217,12.60222222,4/7/18 23:10
b46217,12.33617021,4/8/18 23:10
b46217,13.1,4/9/18 23:10
b46217,14.43181818,4/10/18 23:10
b46217,14.28723404,4/11/18 23:10
b46217,12.91555556,4/12/18 23:10
b46217,12.50212766,4/13/18 23:10
b46217,13.16666667,4/14/18 23:10
b46217,13.48958333,4/15/18 23:10
b46217,12.93958333,4/16/18 23:10
b46217,12.5,4/17/18 23:10
b46217,12.78333333,4/18/18 23:10
b46217,12.60638298,4/19/18 23:10
b46217,12.64583333,4/20/18 23:10
b46217,12.98043478,4/21/18 23:10
b46217,13.70425532,4/22/18 23:10
b46217,13.91276596,4/23/18 23:10
b46217,13.58510638,4/24/18 23:10
b46217,13.65416667,4/25/18 23:10
b46217,13.48222222,4/26/18 23:10
b46217,13.64375,4/27/18 23:10
b46217,13.62916667,4/28/18 23:10
b46217,13.02708333,4/29/18 23:10
b46217,12.65,4/30/18 23:10
b46217,12.4893617,5/1/18 23:10
b46217,12.94782609,5/2/18 23:10
b46217,13.04166667,5/3/18 23:10
b46217,13.25652174,5/4/18 23:10
b46217,13.18695652,5/5/18 23:10
b46217,12.87608696,5/6/18 23:10
b46217,13.15957447,5/7/18 23:10
b46217,14.0787234,5/8/18 23:10
b46217,14.59555556,5/9/18 23:10
b46217,14.39148936,5/10/18 23:10
b46217,14.21489362,5/11/18 23:10
b46217,15.18723404,5/12/18 23:10
b46217,16.30909091,5/13/18 23:10
b46217,15.91304348,5/14/18 23:10
b46217,15.50208333,5/15/18 23:10
b46217,15.01914894,5/16/18 23:10
b46217,15.05217391,5/17/18 23:10
b46217,14.78,5/18/18 23:10
b46217,14.80212766,5/19/18 23:10
b46217,15.07446809,5/20/18 23:10
b46217,14.6,5/21/18 23:10
b46217,14.62666667,5/22/18 23:10
b46217,15.12765957,5/23/18 23:10
b46217,14.90217391,5/24/18 23:10
b46217,15.01860465,5/25/18 23:10
b46217,14.54888889,5/26/18 23:10
b46217,14.33191489,5/27/18 23:10
b46217,15.31136364,5/28/18 23:10
b46217,15.53111111,5/29/18 23:10
b46217,15.45333333,5/30/18 23:10
b46217,15.28372093,5/31/18 23:10
b46217,15.43571429,6/1/18 23:10
b46217,15.69761905,6/2/18 23:10
b46217,15.46190476,6/3/18 23:10
b46217,15.42380952,6/4/18 23:10
b46217,15.6125,6/5/18 23:10
b46217,15.15625,6/6/18 23:10
b46217,15.15833333,6/7/18 23:10
b46217,15.93958333,6/8/18 23:10
b46217,16.03958333,6/9/18 23:10
b46217,15.38125,6/10/18 23:10
b46217,16.19791667,6/11/18 23:10
b46217,17.04375,6/12/18 23:10
b46217,16.94375,6/13/18 23:10
b46217,16.94791667,6/14/18 23:10
b46217,16.925,6/15/18 23:10
b46217,16.94375,6/16/18 23:10
b46217,17.36666667,6/17/18 23:10
b46217,17.33617021,6/18/18 23:10
b46217,17.15416667,6/19/18 23:10
b46217,17.05208333,6/20/18 23:10
b46217,17.13684211,6/21/18 23:10
b46217,16.93695652,6/22/18 23:10
b46217,17.15581395,6/23/18 23:10
b46217,17.98125,6/24/18 23:10
b46217,18.30416667,6/25/18 23:10
b46217,18.33958333,6/26/18 23:10
b46217,18.08913043,6/27/18 23:10
b46217,17.86875,6/28/18 23:10
b46217,17.77291667,6/29/18 23:10
b46217,18.06808511,6/30/18 23:10
b46217,18.59791667,7/1/18 23:10
b46217,18.14375,7/2/18 23:10
b46217,18.15625,7/3/18 23:10
b46217,18.30833333,7/4/18 23:10
b46217,18.23478261,7/5/18 23:10
b46217,18.14375,7/6/18 23:10
b46217,18.33958333,7/7/18 23:10
b46217,19.31111111,7/8/18 23:10
b46217,20.0212766,7/9/18 23:10
b46217,20.44468085,7/10/18 23:10
b46217,20.70208333,7/11/18 23:10
b46217,20.07555556,7/12/18 23:10
b46217,19.88958333,7/13/18 23:10
b46217,19.9625,7/14/18 23:10
b46217,19.77391304,7/15/18 23:10
b46217,19.64791667,7/16/18 23:10
b46217,19.73958333,7/17/18 23:10
b46217,19.38958333,7/18/18 23:10
b46217,19.31041667,7/19/18 23:10
b46217,20.16666667,7/20/18 23:10
b46217,19.90625,7/21/18 23:10
b46217,19.86041667,7/22/18 23:10
b46217,19.12666667,7/23/18 23:10
b46217,18.85,7/24/18 23:10
b46217,20.14791667,7/25/18 23:10
b46217,20.40638298,7/26/18 23:10
b46217,19.52916667,7/27/18 23:10
b46217,18.24166667,7/28/18 23:10
b46217,18.12083333,7/29/18 23:10
b46217,18.61666667,7/30/18 23:10
b46217,19.21458333,7/31/18 23:10
b46217,19.53333333,8/1/18 23:10
b46217,19.7875,8/2/18 23:10
b46217,19.73617021,8/3/18 23:10
b46217,19.85833333,8/4/18 23:10
b46217,20.06666667,8/5/18 23:10
b46217,20.04680851,8/6/18 23:10
b46217,20.76170213,8/7/18 23:10
b46217,20.47083333,8/8/18 23:10
b46217,21.43541667,8/9/18 23:10
b46217,22.49148936,8/10/18 23:10
b46217,22.51276596,8/11/18 23:10
b46217,22.11458333,8/12/18 23:10
b46217,21.89574468,8/13/18 23:10
b46217,21.52708333,8/14/18 23:10
b46217,21.01914894,8/15/18 23:10
b46217,21.1875,8/16/18 23:10
b46217,21.70434783,8/17/18 23:10
b46217,21.7,8/18/18 23:10
b46217,21.5,8/19/18 23:10
b46217,21.3875,8/20/18 23:10
b46217,21.22727273,8/21/18 23:10
b46217,21.1625,8/22/18 23:10
b46217,20.49545455,8/23/18 23:10
b46217,20.21521739,8/24/18 23:10
b46217,20.14468085,8/25/18 23:10
b46217,20.39791667,8/26/18 23:10
b46217,20.1,8/27/18 23:10
b46217,19.775,8/28/18 23:10
b46217,19.62978723,8/29/18 23:10
b46217,19.21041667,8/30/18 23:10
b46217,18.55833333,8/31/18 23:10
b46217,18.91875,9/1/18 23:10
b46217,19.65416667,9/2/18 23:10
b46217,19.45625,9/3/18 23:10
b46217,19.03333333,9/4/18 23:10
b46217,19.09583333,9/5/18 23:10
b46217,19.59375,9/6/18 23:10
b46217,18.60625,9/7/18 23:10
b46217,18.54791667,9/8/18 23:10
b46217,19.69791667,9/9/18 23:10
b46217,19.08541667,9/10/18 23:10
b46217,19.125,9/11/18 23:10
b46217,19.56041667,9/12/18 23:10
b46217,19.14166667,9/13/18 23:10
b46217,19.31458333,9/14/18 23:10
b46217,19,9/15/18 23:10
b46217,19.11041667,9/16/18 23:10
b46217,19.325,9/17/18 23:10
b46217,18.88125,9/18/18 23:10
b46217,18.66458333,9/19/18 23:10
b46217,19.625,9/20/18 23:10
b46217,20.03333333,9/21/18 23:10
b46217,19.20625,9/22/18 23:10
b46217,18.65416667,9/23/18 23:10
b46217,19.06458333,9/24/18 23:10
b46217,19.26041667,9/25/18 23:10
b46217,18.57708333,9/26/18 23:10
b46217,17.74583333,9/27/18 23:10
b46217,17.62708333,9/28/18 23:10
b46217,18.14166667,9/29/18 23:10
b46217,18.46458333,9/30/18 23:10
b46217,18.46458333,10/1/18 23:10
b46217,18.44791667,10/2/18 23:10
b46217,18.65,10/3/18 23:10
b46217,18.64166667,10/4/18 23:10
b46217,18.06170213,10/5/18 23:10
b46217,18.39583333,10/6/18 23:10
b46217,18.74,10/7/18 23:10
b46217,18.97446809,10/8/18 23:10
b46217,18.7625,10/9/18 23:10
b46217,18.575,10/10/18 23:10
b46217,18.24791667,10/11/18 23:10
b46217,17.99583333,10/12/18 23:10
b46217,18.27446809,10/13/18 23:10
b46217,18.64375,10/14/18 23:10
b46217,18.2625,10/15/18 23:10
b46217,17.28958333,10/16/18 23:10
b46217,18.01041667,10/17/18 23:10
b46217,18.42222222,10/18/18 23:10
b46217,18.25208333,10/19/18 23:10
b46217,18.27916667,10/20/18 23:10
b46217,18.4212766,10/21/18 23:10
b46217,18.39791667,10/22/18 23:10
b46217,18.20208333,10/23/18 23:10
b46217,18.05208333,10/24/18 23:10
b46217,18.08510638,10/25/18 23:10
b46217,18.12340426,10/26/18 23:10
b46217,17.95,10/27/18 23:10
b46217,17.93404255,10/28/18 23:10
b46217,18.29583333,10/29/18 23:10
b46217,18.66808511,10/30/18 23:10
b46217,18.71489362,10/31/18 23:10
b46217,18.26521739,11/1/18 23:10
b46217,18.03541667,11/2/18 23:10
b46217,18.2125,11/3/18 23:10
b46217,18.33541667,11/4/18 23:10
b46217,18.40208333,11/5/18 23:10
b46217,18.14375,11/6/18 23:10
b46217,18.775,11/7/18 23:10
b46217,18.57659574,11/8/18 23:10
b46217,17.70208333,11/9/18 23:10
b46217,17.88541667,11/10/18 23:10
b46217,17.4787234,11/11/18 23:10
b46217,17.275,11/12/18 23:10
b46217,17.4375,11/13/18 23:10
b46217,17.25952381,11/14/18 23:10
b46217,17.09782609,11/15/18 23:10
b46217,17.22083333,11/16/18 23:10
b46217,17.58958333,11/17/18 23:10
b46217,17.69361702,11/18/18 23:10
b46217,17.45416667,11/19/18 23:10
b46217,17.71458333,11/20/18 23:10
b46217,17.2125,11/21/18 23:10
b46217,17.65,11/22/18 23:10
b46217,17.31666667,11/23/18 23:10
b46217,16.8625,11/24/18 23:10
b46217,16.9625,11/25/18 23:10
b46217,17.27291667,11/26/18 23:10
b46217,17.10416667,11/27/18 23:10
b46217,16.85833333,11/28/18 23:10
b46217,16.58541667,11/29/18 23:10
b46217,16.00208333,11/30/18 23:10
b46217,15.80208333,12/1/18 23:10
b46217,15.25,12/2/18 23:10
b46217,15.09787234,12/3/18 23:10
b46217,14.69791667,12/4/18 23:10
b46217,14.27708333,12/5/18 23:10
b46217,14.5375,12/6/18 23:10
b46217,14.75416667,12/7/18 23:10
b46217,15.28333333,12/8/18 23:10
b46217,15.51458333,12/9/18 23:10
b46217,15.21875,12/10/18 23:10
b46217,15.02916667,12/11/18 23:10
b46217,15.40851064,12/12/18 23:10
b46217,15.8,12/13/18 23:10
b46217,15.64565217,12/14/18 23:10
b46217,15.58541667,12/15/18 23:10
b46217,15.57291667,12/16/18 23:10
b46217,15.48333333,12/17/18 23:10
b46217,15.54791667,12/18/18 23:10
b46217,15.79574468,12/19/18 23:10
b46217,15.53541667,12/20/18 23:10
b46217,15.69302326,12/21/18 23:10
b46217,15.75833333,12/22/18 23:10
b46217,15.63125,12/23/18 23:10
b46217,15.55833333,12/24/18 23:10
b46217,15.05625,12/25/18 23:10
b46217,15.0106383,12/26/18 23:10
b46217,14.86521739,12/27/18 23:10
b46217,14.37916667,12/28/18 23:10
b46217,14.175,12/29/18 23:10
b46217,14.33541667,12/30/18 23:10
b46217,14.31914894,12/31/18 23:10