station,date_time,temperature
humboldt,2013-02-14T20:30:00Z,8.982592593
humboldt,2013-02-15T11:52:44Z,9.138
humboldt,2013-02-16T11:52:30Z,9.274583333
humboldt,2013-02-17T07:37:30Z,9.255645161
humboldt,2013-02-18T19:15:00Z,9.323513514
humboldt,2013-02-19T11:51:09Z,8.935263158
humboldt,2013-02-20T11:52:30Z,8.811145833
humboldt,2013-02-21T11:52:30Z,8.808229167
humboldt,2013-02-22T11:58:25Z,8.815789474
humboldt,2013-02-23T00:15:00Z,9.513333333
humboldt,2013-02-26T21:52:30Z,8.543125
humboldt,2013-02-27T09:08:42Z,8.977096774
humboldt,2013-02-28T11:21:15Z,8.9225
humboldt,2013-03-01T11:28:45Z,9.27125
humboldt,2013-03-02T11:21:15Z,9.384583333
humboldt,2013-03-03T11:48:00Z,9.3076
humboldt,2013-03-04T11:53:24Z,9.3076
humboldt,2013-03-05T12:18:07Z,9.1475
humboldt,2013-03-06T12:16:52Z,8.912083333
humboldt,2013-03-07T12:16:15Z,8.965
humboldt,2013-03-08T11:45:39Z,9.117391304
humboldt,2013-03-09T11:52:48Z,9.3884
humboldt,2013-03-10T12:23:45Z,9.669583333
humboldt,2013-03-11T11:52:10Z,9.69826087
humboldt,2013-03-12T11:55:48Z,9.738
humboldt,2013-03-13T11:31:15Z,9.719166667
humboldt,2013-03-14T11:26:15Z,9.800416667
humboldt,2013-03-15T11:52:12Z,9.8732
humboldt,2013-03-16T11:59:22Z,10.00625
humboldt,2013-03-17T11:28:45Z,10.22375
humboldt,2013-03-18T11:28:07Z,10.13583333
humboldt,2013-03-19T11:01:57Z,9.955652174
humboldt,2013-03-20T11:10:12Z,9.8056
humboldt,2013-03-21T11:25:37Z,10.01125
humboldt,2013-03-22T11:52:48Z,9.9152
humboldt,2013-03-23T11:50:13Z,9.463043478
humboldt,2013-03-24T11:20:00Z,9.414166667
humboldt,2013-03-25T11:16:52Z,9.38625
humboldt,2013-03-26T08:56:25Z,9.374285714
humboldt,2013-03-27T22:30:00Z,9.515
humboldt,2013-03-28T11:28:57Z,10.28
humboldt,2013-03-29T23:55:00Z,9.96
humboldt,2013-03-30T12:26:40Z,10.77791667
humboldt,2013-03-31T11:56:31Z,10.80869565
humboldt,2013-04-01T12:26:02Z,10.67791667
humboldt,2013-04-02T12:25:37Z,10.9275
humboldt,2013-04-03T12:25:37Z,10.81291667
humboldt,2013-04-04T12:25:37Z,10.65291667
humboldt,2013-04-05T11:55:13Z,11.00086957
humboldt,2013-04-06T11:26:15Z,11.17916667
humboldt,2013-04-07T11:25:50Z,11.37
humboldt,2013-04-08T11:55:24Z,11.3376
humboldt,2013-04-24T22:30:00Z,10.655
humboldt,2013-04-25T11:30:00Z,10.44791667
humboldt,2013-04-26T11:30:00Z,10.89916667
humboldt,2013-04-27T11:30:00Z,10.62875
humboldt,2013-04-28T11:30:00Z,10.51541667
humboldt,2013-04-29T11:30:00Z,10.68958333
humboldt,2013-04-30T11:29:22Z,10.51541667
humboldt,2013-05-01T12:00:00Z,10.28217391
humboldt,2013-05-02T11:30:00Z,9.999166667
humboldt,2013-05-03T11:35:00Z,9.900769231
humboldt,2013-05-04T12:18:45Z,10.32916667
humboldt,2013-05-05T12:15:00Z,10.61041667
humboldt,2013-05-06T12:28:45Z,10.99458333
humboldt,2013-05-07T12:15:37Z,11.16041667
humboldt,2013-05-08T12:15:00Z,11.05208333
humboldt,2013-05-09T12:19:10Z,11.055
humboldt,2013-05-10T12:26:24Z,11.0796
humboldt,2013-05-11T12:15:00Z,10.9275
humboldt,2013-05-12T12:15:00Z,11.28541667
humboldt,2013-05-13T12:36:36Z,11.7536
humboldt,2013-05-14T12:15:00Z,12.08666667
humboldt,2013-05-15T12:15:00Z,12.17583333
humboldt,2013-05-16T11:45:39Z,12.48
humboldt,2013-05-17T19:46:21Z,12.81
humboldt,2013-05-18T09:58:14Z,13.2764
humboldt,2013-05-19T11:30:00Z,13.30875
humboldt,2013-05-20T11:30:00Z,13.11541667
humboldt,2013-05-21T11:51:00Z,12.2972
humboldt,2013-05-22T11:30:00Z,11.77833333
humboldt,2013-05-23T11:30:00Z,11.44791667
humboldt,2013-05-24T12:17:53Z,11.55461538
humboldt,2013-05-25T11:48:54Z,11.53391304
humboldt,2013-05-26T11:30:00Z,11.64666667
humboldt,2013-05-27T11:30:00Z,12.0675
humboldt,2013-05-28T11:46:48Z,11.8572
humboldt,2013-05-29T12:15:00Z,12.06875
humboldt,2013-05-30T12:15:00Z,12.18125
humboldt,2013-05-31T11:45:00Z,12.57434783
humboldt,2013-06-01T12:15:37Z,12.6925
humboldt,2013-06-02T12:36:36Z,12.6164
humboldt,2013-06-03T11:13:38Z,12.06954545
humboldt,2013-06-06T21:30:00Z,11.1175
humboldt,2013-06-07T11:28:07Z,11.83208333
humboldt,2013-06-08T11:30:00Z,12.25875
humboldt,2013-06-09T11:30:00Z,12.20625
humboldt,2013-06-10T11:30:00Z,11.87
humboldt,2013-06-11T11:17:24Z,11.9372
humboldt,2013-06-12T11:30:00Z,12.09708333
humboldt,2013-06-13T11:49:12Z,12.1296
humboldt,2013-06-14T11:48:15Z,12.26173913
humboldt,2013-06-15T11:30:00Z,12.18708333
humboldt,2013-06-16T11:54:00Z,12.3068
humboldt,2013-06-17T12:15:37Z,12.74125
humboldt,2013-06-18T12:15:37Z,12.9125
humboldt,2013-06-19T12:15:37Z,13.22166667
humboldt,2013-06-20T10:46:25Z,13.24428571
humboldt,2013-07-04T12:21:49Z,14.65681818
humboldt,2013-07-05T11:22:30Z,14.26166667
humboldt,2013-07-06T11:18:45Z,13.86916667
humboldt,2013-07-07T11:20:37Z,13.57333333
humboldt,2013-07-08T11:49:12Z,13.1228
humboldt,2013-07-09T12:20:00Z,13.16458333
humboldt,2013-07-10T09:48:56Z,13.77631579
humboldt,2013-07-11T23:00:00Z,10.81
humboldt,2013-07-12T11:55:48Z,12.8508
humboldt,2013-07-13T12:21:52Z,12.87208333
humboldt,2013-07-14T12:44:24Z,12.7696
humboldt,2013-07-15T12:20:00Z,13.10041667
humboldt,2013-07-16T12:19:22Z,13.28416667
humboldt,2013-07-17T12:44:24Z,13.6548
humboldt,2013-07-18T12:18:45Z,13.3625
humboldt,2013-07-19T12:16:52Z,13.11666667
humboldt,2013-07-20T12:44:24Z,13.066
humboldt,2013-07-21T12:15:00Z,12.58791667
humboldt,2013-07-22T12:16:15Z,12.50458333
humboldt,2013-07-23T12:42:00Z,12.524
humboldt,2013-07-24T12:15:37Z,12.25791667
humboldt,2013-07-25T12:15:00Z,12.09625
humboldt,2013-07-26T12:42:36Z,12.382
humboldt,2013-07-27T12:10:12Z,13.0544
humboldt,2013-07-28T12:15:37Z,13.38125
humboldt,2013-07-29T12:15:37Z,13.50583333
humboldt,2013-07-30T12:14:24Z,13.798
humboldt,2013-07-31T11:45:39Z,13.29652174
humboldt,2013-08-01T12:16:52Z,13.34916667
humboldt,2013-08-02T12:13:48Z,13.5676
humboldt,2013-08-03T12:16:15Z,13.19958333
humboldt,2013-08-04T12:15:37Z,12.79791667
humboldt,2013-08-05T11:07:30Z,13.1595
humboldt,2013-08-12T21:15:00Z,12.92166667
humboldt,2013-08-13T15:13:50Z,13.57846154
humboldt,2013-08-14T12:17:24Z,13.7868
humboldt,2013-08-15T12:17:30Z,14.10625
humboldt,2013-08-16T12:15:37Z,14.5475
humboldt,2013-08-17T12:19:48Z,14.6412
humboldt,2013-08-18T12:15:37Z,14.57041667
humboldt,2013-08-19T12:15:00Z,14.13666667
humboldt,2013-08-20T12:18:36Z,14.0372
humboldt,2013-08-21T12:15:00Z,13.44125
humboldt,2013-08-22T12:15:00Z,13.72666667
humboldt,2013-08-23T12:15:00Z,13.48083333
humboldt,2013-08-24T12:15:00Z,12.81
humboldt,2013-08-25T12:15:00Z,12.65208333
humboldt,2013-08-26T12:15:00Z,13.20083333
humboldt,2013-08-27T12:15:00Z,13.72125
humboldt,2013-08-28T12:15:00Z,14.44416667
humboldt,2013-08-29T12:15:37Z,15.11166667
humboldt,2013-08-30T12:15:00Z,16.00083333
humboldt,2013-08-31T11:45:00Z,15.87782609
humboldt,2013-09-01T12:15:00Z,15.36333333
humboldt,2013-09-02T12:15:00Z,15.71291667
humboldt,2013-09-03T12:15:00Z,15.8325
humboldt,2013-09-04T11:22:49Z,15.83478261
humboldt,2013-09-10T11:57:36Z,14.468
humboldt,2013-09-11T12:23:45Z,14.79
humboldt,2013-09-12T12:23:07Z,15.27666667
humboldt,2013-09-13T11:52:49Z,14.89086957
humboldt,2013-09-14T11:34:48Z,14.0664
humboldt,2013-09-15T11:51:00Z,13.954
humboldt,2013-09-16T11:53:28Z,13.80608696
humboldt,2013-09-17T11:28:45Z,14.0925
humboldt,2013-09-18T11:28:07Z,13.52416667
humboldt,2013-09-19T11:52:48Z,13.43
humboldt,2013-09-20T12:30:36Z,12.9996
humboldt,2013-09-21T12:19:22Z,13.34541667
humboldt,2013-09-22T12:19:22Z,14.12375
humboldt,2013-09-23T12:27:36Z,14.1408
humboldt,2013-09-24T12:16:52Z,14.45875
humboldt,2013-09-25T12:15:37Z,14.56791667
humboldt,2013-09-26T12:24:36Z,14.4644
humboldt,2013-09-27T12:16:52Z,14.35708333
humboldt,2013-09-28T12:16:52Z,13.81583333
humboldt,2013-09-29T12:16:52Z,13.66125
humboldt,2013-09-30T11:45:00Z,14.45652174
humboldt,2013-10-01T12:16:52Z,14.93166667
humboldt,2013-10-02T10:45:42Z,14.74714286
humboldt,2013-10-04T22:52:30Z,13.085
humboldt,2013-10-05T11:29:22Z,12.52208333
humboldt,2013-10-06T11:28:07Z,12.02125
humboldt,2013-10-07T11:54:36Z,12.0944
humboldt,2013-10-08T12:22:30Z,12.21458333
humboldt,2013-10-09T12:20:37Z,11.66208333
humboldt,2013-10-10T12:20:00Z,10.89958333
humboldt,2013-10-11T12:01:15Z,10.90291667
humboldt,2013-10-12T11:48:00Z,10.7232
humboldt,2013-10-13T12:18:07Z,10.82416667
humboldt,2013-10-14T12:18:07Z,10.73916667
humboldt,2013-10-15T12:16:52Z,10.66083333
humboldt,2013-10-16T12:16:52Z,10.55375
humboldt,2013-10-17T12:15:37Z,10.75208333
humboldt,2013-10-18T12:15:37Z,10.76416667
humboldt,2013-10-19T12:16:15Z,10.4425
humboldt,2013-10-20T11:49:48Z,10.4768
humboldt,2013-10-21T12:16:52Z,10.4075
humboldt,2013-10-22T12:16:15Z,10.28875
humboldt,2013-10-23T12:15:00Z,10.24083333
humboldt,2013-10-24T12:15:00Z,10.16166667
humboldt,2013-10-25T12:18:07Z,10.23625
humboldt,2013-10-26T11:28:07Z,10.29333333
humboldt,2013-10-27T11:51:00Z,10.392
humboldt,2013-10-28T12:15:37Z,10.41916667
humboldt,2013-10-29T11:51:36Z,10.4336
humboldt,2013-10-30T12:15:37Z,10.475
humboldt,2013-10-31T11:46:18Z,10.46956522
humboldt,2013-11-01T11:51:36Z,10.6692
humboldt,2013-11-02T12:15:00Z,10.56
humboldt,2013-11-03T12:25:26Z,10.62782609
humboldt,2013-11-04T11:55:12Z,10.4708
humboldt,2013-11-05T12:15:37Z,10.2925
humboldt,2013-11-06T12:15:37Z,10.26125
humboldt,2013-11-07T11:58:12Z,10.3144
humboldt,2013-11-08T12:15:00Z,10.465
humboldt,2013-11-09T12:15:00Z,10.40041667
humboldt,2013-11-10T11:58:48Z,10.3524
humboldt,2013-11-11T12:15:00Z,10.40666667
humboldt,2013-11-12T12:15:00Z,11.11166667
humboldt,2013-11-13T12:16:15Z,11.63
humboldt,2013-11-14T12:15:00Z,11.76291667
humboldt,2013-11-15T12:16:15Z,11.60041667
humboldt,2013-11-16T11:58:48Z,11.3204
humboldt,2013-11-17T12:16:15Z,11.025
humboldt,2013-11-18T12:15:00Z,10.77625
humboldt,2013-11-19T10:45:00Z,10.59190476
humboldt,2013-11-20T12:15:37Z,11.0675
humboldt,2013-11-21T12:15:37Z,11.08458333
humboldt,2013-11-22T12:00:00Z,10.6952
humboldt,2013-11-23T12:15:00Z,10.29208333
humboldt,2013-11-24T12:15:00Z,10.13458333
humboldt,2013-11-25T12:00:00Z,10.0224
humboldt,2013-11-26T12:15:00Z,9.90125
humboldt,2013-11-27T12:15:37Z,9.8775
humboldt,2013-11-28T12:03:00Z,10.0772
humboldt,2013-11-29T12:15:00Z,10.43041667
humboldt,2013-11-30T12:15:37Z,10.74
humboldt,2013-12-01T12:15:37Z,10.76625
humboldt,2013-12-02T12:15:00Z,10.89166667
humboldt,2013-12-03T12:08:24Z,10.7664
humboldt,2013-12-04T12:15:00Z,10.16541667
humboldt,2013-12-05T12:15:00Z,9.305416667
humboldt,2013-12-06T12:07:12Z,8.772
humboldt,2013-12-07T12:15:00Z,8.339166667
humboldt,2013-12-08T12:15:00Z,7.714166667
humboldt,2013-12-09T11:43:45Z,7.455
humboldt,2013-12-10T12:16:52Z,7.378333333
humboldt,2013-12-11T12:15:37Z,7.439583333
humboldt,2013-12-12T10:45:00Z,7.626666667
humboldt,2013-12-19T23:15:00Z,8.27
humboldt,2013-12-20T11:51:00Z,8.0732
humboldt,2013-12-21T12:18:45Z,8.405
humboldt,2013-12-22T12:15:37Z,8.592083333
humboldt,2013-12-23T12:15:37Z,8.647916667
humboldt,2013-12-24T12:16:15Z,8.694583333
humboldt,2013-12-25T12:17:30Z,8.660833333
humboldt,2013-12-26T11:46:57Z,8.563043478
humboldt,2013-12-27T11:45:36Z,8.486
humboldt,2013-12-28T12:17:30Z,8.55125
humboldt,2013-12-29T12:18:45Z,8.575833333
humboldt,2013-12-30T12:16:52Z,8.6325
humboldt,2013-12-31T12:16:15Z,8.669583333
humboldt,2014-01-01T12:17:30Z,8.84
humboldt,2014-01-02T12:17:30Z,8.934166667
humboldt,2014-01-03T12:16:52Z,9.042916667
humboldt,2014-01-04T12:17:30Z,9.0875
humboldt,2014-01-05T12:16:15Z,9.035833333
humboldt,2014-01-06T12:18:07Z,8.962083333
humboldt,2014-01-07T12:18:07Z,8.814166667
humboldt,2014-01-08T12:18:07Z,8.945
humboldt,2014-01-09T12:18:07Z,9.332083333
humboldt,2014-01-10T11:49:33Z,9.779130435
humboldt,2014-01-11T11:46:12Z,10.1128
humboldt,2014-01-12T12:15:00Z,10.18583333
humboldt,2014-01-13T12:15:00Z,10.235
humboldt,2014-01-14T12:15:00Z,10.10791667
humboldt,2014-01-15T12:15:00Z,9.935833333
humboldt,2014-01-16T12:15:00Z,9.890833333
humboldt,2014-01-17T12:15:00Z,9.910416667
humboldt,2014-01-18T12:15:00Z,10.04833333
humboldt,2014-01-19T12:15:00Z,10.195
humboldt,2014-01-20T12:15:00Z,10.145
humboldt,2014-01-21T12:15:00Z,10.12833333
humboldt,2014-01-22T12:15:00Z,10.14541667
humboldt,2014-01-23T12:15:00Z,10.09541667
humboldt,2014-01-24T12:15:00Z,10.07666667
humboldt,2014-01-25T12:15:00Z,10.12208333
humboldt,2014-01-26T12:15:00Z,10.16208333
humboldt,2014-01-27T12:15:00Z,10.17791667
humboldt,2014-01-28T12:15:00Z,10.2325
humboldt,2014-01-29T12:15:00Z,10.54291667
humboldt,2014-01-30T12:15:00Z,10.6875
humboldt,2014-01-31T12:15:00Z,10.55541667
humboldt,2014-02-01T12:15:00Z,10.38333333
humboldt,2014-02-02T12:15:00Z,10.24
humboldt,2014-02-03T12:15:00Z,10.24625
humboldt,2014-02-04T12:15:00Z,10.09583333
humboldt,2014-02-05T12:15:00Z,9.82875
humboldt,2014-02-06T11:45:39Z,9.740434783
humboldt,2014-02-07T11:54:36Z,9.914
humboldt,2014-02-08T12:20:37Z,10.05916667
humboldt,2014-02-09T12:19:22Z,10.31791667
humboldt,2014-02-10T11:50:52Z,10.44826087
humboldt,2014-02-11T11:50:24Z,10.7628
humboldt,2014-02-12T11:49:33Z,10.80478261
humboldt,2014-02-13T11:20:00Z,11.05125
humboldt,2014-02-14T11:51:36Z,11.2108
humboldt,2014-02-15T12:20:00Z,11.3625
humboldt,2014-02-16T12:22:30Z,11.43875
humboldt,2014-02-17T11:51:31Z,11.42043478
humboldt,2014-02-18T11:48:36Z,11.4148
humboldt,2014-02-19T12:16:15Z,11.51125
humboldt,2014-02-20T12:18:07Z,11.34875
humboldt,2014-02-21T12:18:45Z,11.19
humboldt,2014-02-22T12:18:45Z,11.18291667
humboldt,2014-02-23T12:17:30Z,11.02625
humboldt,2014-02-24T12:17:30Z,10.93166667
humboldt,2014-02-25T12:19:22Z,10.91208333
humboldt,2014-02-26T12:17:30Z,11.135
humboldt,2014-02-27T12:17:30Z,11.11666667
humboldt,2014-02-28T12:16:15Z,11.34791667
humboldt,2014-03-01T12:16:15Z,11.40291667
humboldt,2014-03-02T12:18:07Z,11.5525
humboldt,2014-03-03T12:21:52Z,11.64541667
humboldt,2014-03-04T12:16:52Z,11.63958333
humboldt,2014-03-05T11:48:15Z,11.81521739
humboldt,2014-03-06T11:21:52Z,11.93625
humboldt,2014-03-07T11:53:24Z,12.258
humboldt,2014-03-08T12:23:07Z,12.31833333
humboldt,2014-03-09T11:25:26Z,12.29652174
humboldt,2014-03-10T11:24:22Z,12.47916667
humboldt,2014-03-11T11:23:45Z,12.56083333
humboldt,2014-03-12T11:22:30Z,12.16416667
humboldt,2014-03-13T11:40:12Z,12.0296
humboldt,2014-03-14T11:45:36Z,12.1212
humboldt,2014-03-15T12:15:00Z,12.13958333
humboldt,2014-03-16T12:15:00Z,12.0375
humboldt,2014-03-17T12:15:00Z,11.9425
humboldt,2014-03-18T12:15:00Z,11.44125
humboldt,2014-03-19T12:15:00Z,10.91458333
humboldt,2014-03-20T12:15:00Z,10.95083333
humboldt,2014-03-21T12:15:00Z,10.76083333
humboldt,2014-03-22T12:15:00Z,10.50291667
humboldt,2014-03-23T12:15:00Z,10.46041667
humboldt,2014-03-24T12:15:00Z,10.45458333
humboldt,2014-03-25T12:15:00Z,10.52333333
humboldt,2014-03-26T12:15:00Z,10.71041667
humboldt,2014-03-27T12:15:00Z,11.01791667
humboldt,2014-03-28T11:15:00Z,10.92409091
humboldt,2014-03-29T18:45:00Z,11.14545455
humboldt,2014-03-30T12:15:00Z,11.4725
humboldt,2014-03-31T12:15:00Z,11.10875
humboldt,2014-04-01T12:15:00Z,10.80791667
humboldt,2014-04-02T12:15:00Z,10.77833333
humboldt,2014-04-03T12:15:00Z,11.07208333
humboldt,2014-04-04T12:15:00Z,11.31208333
humboldt,2014-04-05T12:15:00Z,11.82333333
humboldt,2014-04-06T12:15:00Z,12.37375
humboldt,2014-04-07T12:15:00Z,12.85041667
humboldt,2014-04-08T11:46:57Z,12.69086957
humboldt,2014-04-09T11:29:22Z,12.52708333
humboldt,2014-04-10T11:28:07Z,12.4175
humboldt,2014-04-11T11:26:52Z,12.105
humboldt,2014-04-12T11:23:07Z,12.17375
humboldt,2014-04-13T11:25:37Z,12.30708333
humboldt,2014-04-14T11:55:48Z,12.494
humboldt,2014-04-15T11:54:46Z,12.26695652
humboldt,2014-04-16T11:52:12Z,12.0032
humboldt,2014-04-17T12:24:22Z,11.65958333
humboldt,2014-04-18T11:55:26Z,11.28391304
humboldt,2014-04-19T11:53:24Z,11.2464
humboldt,2014-04-20T12:21:52Z,11.46166667
humboldt,2014-04-21T11:54:07Z,11.15869565
humboldt,2014-04-22T11:51:00Z,11.288
humboldt,2014-04-23T11:53:28Z,11.41086957
humboldt,2014-04-24T11:23:07Z,11.4525
humboldt,2014-04-25T11:20:37Z,11.22083333
humboldt,2014-04-26T11:23:45Z,11.3725
humboldt,2014-04-27T11:23:07Z,11.5075
humboldt,2014-04-28T11:54:36Z,11.994
humboldt,2014-04-29T11:54:46Z,12.05391304
humboldt,2014-04-30T11:26:15Z,12.56583333
humboldt,2014-05-01T11:54:46Z,12.88652174
humboldt,2014-05-02T11:28:45Z,13.30708333
humboldt,2014-05-03T11:27:30Z,13.36958333
humboldt,2014-05-04T11:26:52Z,13.61041667
humboldt,2014-05-05T11:57:36Z,13.9084
humboldt,2014-05-06T09:44:10Z,13.83333333
humboldt,2014-05-07T11:30:00Z,14.22166667
humboldt,2014-05-08T11:57:00Z,13.4092
humboldt,2014-05-09T11:56:44Z,13.17
humboldt,2014-05-10T11:26:52Z,13.50416667
humboldt,2014-05-11T11:24:22Z,13.52458333
humboldt,2014-05-12T14:18:12Z,13.35
humboldt,2014-05-13T11:25:37Z,13.21666667
humboldt,2014-05-14T11:52:48Z,13.2616
humboldt,2014-05-15T12:25:37Z,13.10208333
humboldt,2014-05-16T12:24:22Z,13.1925
humboldt,2014-05-17T11:53:28Z,13.23695652
humboldt,2014-05-18T11:54:36Z,12.8908
humboldt,2014-05-19T11:52:49Z,13.09043478
humboldt,2014-05-20T11:52:48Z,12.902
humboldt,2014-05-21T11:55:26Z,13.05956522
humboldt,2014-05-22T11:22:30Z,12.9575
humboldt,2014-05-23T11:23:45Z,12.73041667
humboldt,2014-05-24T11:26:52Z,12.59041667
humboldt,2014-05-25T11:24:22Z,12.69875
humboldt,2014-05-26T11:25:00Z,12.61416667
humboldt,2014-05-27T11:26:15Z,12.68416667
humboldt,2014-05-28T11:54:00Z,12.3124
humboldt,2014-05-29T12:23:07Z,12.22416667
humboldt,2014-05-30T12:39:00Z,12.0892
humboldt,2014-05-31T12:16:52Z,12.0675
humboldt,2014-06-01T12:16:15Z,12.17625
humboldt,2014-06-02T12:15:00Z,12.25541667
humboldt,2014-06-03T12:15:00Z,12.37083333
humboldt,2014-06-04T12:15:00Z,12.56958333
humboldt,2014-06-05T12:15:00Z,12.715
humboldt,2014-06-06T12:15:00Z,13.0175
humboldt,2014-06-07T12:15:00Z,13.29708333
humboldt,2014-06-08T12:15:00Z,13.34333333
humboldt,2014-06-09T12:15:00Z,13.0775
humboldt,2014-06-10T12:15:00Z,12.46875
humboldt,2014-06-11T12:15:00Z,11.87083333
humboldt,2014-06-12T12:15:00Z,11.5975
humboldt,2014-06-13T12:15:00Z,12.00458333
humboldt,2014-06-14T12:15:00Z,11.98666667
humboldt,2014-06-15T12:15:00Z,12.08833333
humboldt,2014-06-16T12:15:00Z,11.8425
humboldt,2014-06-17T12:15:00Z,11.895
humboldt,2014-06-18T12:15:37Z,11.76
humboldt,2014-06-19T12:15:00Z,11.87333333
humboldt,2014-06-20T12:15:00Z,11.98666667
humboldt,2014-06-21T12:15:00Z,12.27833333
humboldt,2014-06-22T12:15:00Z,12.49583333
humboldt,2014-06-23T12:15:00Z,12.33625
humboldt,2014-06-24T12:15:00Z,12.32083333
humboldt,2014-06-25T12:15:00Z,12.11708333
humboldt,2014-06-26T12:15:00Z,12.30416667
humboldt,2014-06-27T12:15:00Z,13.23333333
humboldt,2014-06-28T12:15:00Z,13.62041667
humboldt,2014-06-29T12:15:00Z,13.605
humboldt,2014-06-30T10:16:34Z,13.51473684
humboldt,2014-07-01T12:16:15Z,13.295
humboldt,2014-07-02T12:15:37Z,13.325
humboldt,2014-07-03T12:16:15Z,13.82333333
humboldt,2014-07-04T12:15:00Z,13.935
humboldt,2014-07-05T12:15:00Z,14.13666667
humboldt,2014-07-06T12:16:15Z,14.485
humboldt,2014-07-07T12:15:00Z,14.17375
humboldt,2014-07-08T12:15:37Z,13.87875
humboldt,2014-07-09T12:16:52Z,13.79666667
humboldt,2014-07-10T12:16:15Z,13.71625
humboldt,2014-07-11T12:15:00Z,13.56625
humboldt,2014-07-12T12:15:00Z,13.58416667
humboldt,2014-07-13T12:15:00Z,13.62
humboldt,2014-07-14T12:15:00Z,13.69458333
humboldt,2014-07-15T12:15:00Z,13.38083333
humboldt,2014-07-16T12:15:00Z,13.47833333
humboldt,2014-07-17T12:15:00Z,13.50791667
humboldt,2014-07-18T12:15:00Z,13.89583333
humboldt,2014-07-19T12:15:00Z,14.27583333
humboldt,2014-07-20T12:15:00Z,14.49125
humboldt,2014-07-21T12:15:00Z,14.37125
humboldt,2014-07-22T12:16:15Z,14.54625
humboldt,2014-07-23T12:15:37Z,14.48333333
humboldt,2014-07-24T12:16:15Z,14.62166667
humboldt,2014-07-25T12:15:00Z,14.46416667
humboldt,2014-07-26T12:15:37Z,14.165
humboldt,2014-07-27T12:15:37Z,14.085
humboldt,2014-07-28T12:15:00Z,13.85041667
humboldt,2014-07-29T12:15:37Z,13.82916667
humboldt,2014-07-30T14:21:00Z,14.378
humboldt,2014-07-31T12:15:00Z,13.98166667
humboldt,2014-08-01T11:48:15Z,14.21869565
humboldt,2014-08-02T11:28:07Z,14.30583333
humboldt,2014-08-03T11:27:30Z,14.38625
humboldt,2014-08-04T11:27:30Z,14.12416667
humboldt,2014-08-05T11:27:30Z,14.08833333
humboldt,2014-08-06T11:26:15Z,13.88958333
humboldt,2014-08-07T11:54:36Z,13.5852
humboldt,2014-08-08T11:50:52Z,13.45956522
humboldt,2014-08-09T11:25:00Z,13.79416667
humboldt,2014-08-10T11:55:48Z,13.6716
humboldt,2014-08-11T12:24:22Z,13.4375
humboldt,2014-08-12T11:56:05Z,13.68478261
humboldt,2014-08-13T11:57:00Z,14.0232
humboldt,2014-08-14T11:56:05Z,14.22434783
humboldt,2014-08-15T11:56:24Z,14.1936
humboldt,2014-08-16T11:55:26Z,14.32913043
humboldt,2014-08-17T11:26:15Z,13.91416667
humboldt,2014-08-18T11:25:00Z,13.935
humboldt,2014-08-19T11:26:15Z,13.91916667
humboldt,2014-08-20T11:26:15Z,14.24333333
humboldt,2014-08-21T11:27:30Z,14.24
humboldt,2014-08-22T11:26:52Z,14.37833333
humboldt,2014-08-23T11:26:52Z,14.45625
humboldt,2014-08-24T11:55:48Z,14.4888
humboldt,2014-08-25T12:28:07Z,14.72833333
humboldt,2014-08-26T11:58:41Z,14.79869565
humboldt,2014-08-27T11:30:00Z,14.80625
humboldt,2014-08-28T11:58:12Z,15.1344
humboldt,2014-08-29T11:59:20Z,15.55521739
humboldt,2014-08-30T11:30:00Z,15.7675
humboldt,2014-08-31T11:30:00Z,15.87958333
humboldt,2014-09-01T12:00:00Z,16.10347826
humboldt,2014-09-02T11:28:45Z,15.96875
humboldt,2014-09-03T11:58:12Z,15.688
humboldt,2014-09-04T09:43:20Z,14.80055556
humboldt,2014-09-05T11:30:00Z,14.57541667
humboldt,2014-09-06T11:29:22Z,14.6475
humboldt,2014-09-07T11:30:00Z,14.25208333
humboldt,2014-09-08T11:29:22Z,13.97125
humboldt,2014-09-09T11:30:00Z,13.89208333
humboldt,2014-09-10T11:30:00Z,13.74833333
humboldt,2014-09-11T11:30:00Z,13.69333333
humboldt,2014-09-12T11:30:00Z,14.32083333
humboldt,2014-09-13T11:29:22Z,14.62833333
humboldt,2014-09-14T11:30:00Z,14.24916667
humboldt,2014-09-15T11:29:22Z,14.31041667
humboldt,2014-09-16T11:30:00Z,14.63875
humboldt,2014-09-17T11:30:00Z,14.91083333
humboldt,2014-09-18T11:30:00Z,15.03666667
humboldt,2014-09-19T11:30:00Z,15.54333333
humboldt,2014-09-20T11:30:00Z,15.61958333
humboldt,2014-09-21T11:30:00Z,15.84916667
humboldt,2014-09-22T11:30:00Z,16.47916667
humboldt,2014-09-23T11:30:00Z,16.85375
humboldt,2014-09-24T11:29:22Z,17.22791667
humboldt,2014-09-25T11:30:00Z,17
humboldt,2014-09-26T11:30:00Z,17.07291667
humboldt,2014-09-27T11:30:00Z,17.20583333
humboldt,2014-09-28T11:29:22Z,16.80041667
humboldt,2014-09-29T11:30:00Z,16.33625
humboldt,2014-09-30T11:30:00Z,16.2125
humboldt,2014-10-01T11:59:20Z,15.85608696
humboldt,2014-10-02T11:30:00Z,15.05291667
humboldt,2014-10-03T11:30:00Z,14.65125
humboldt,2014-10-04T11:29:22Z,14.31416667
humboldt,2014-10-05T11:30:00Z,14.2725
humboldt,2014-10-06T11:30:00Z,14.57291667
humboldt,2014-10-07T11:28:45Z,14.56083333
humboldt,2014-10-08T11:30:00Z,14.365
humboldt,2014-10-09T11:28:45Z,13.97291667
humboldt,2014-10-10T08:58:25Z,13.89578947
humboldt,2014-10-13T21:45:00Z,12.24
humboldt,2014-10-14T12:15:00Z,12.9425
humboldt,2014-10-15T12:15:00Z,12.78
humboldt,2014-10-16T12:15:00Z,13.15666667
humboldt,2014-10-17T12:09:32Z,13.47136364
humboldt,2014-10-18T12:15:00Z,13.72541667
humboldt,2014-10-19T12:15:00Z,14.14708333
humboldt,2014-10-20T12:15:00Z,14.56666667
humboldt,2014-10-21T12:15:00Z,14.87916667
humboldt,2014-10-22T12:15:00Z,14.96
humboldt,2014-10-23T12:15:00Z,14.86041667
humboldt,2014-10-24T12:15:00Z,14.71
humboldt,2014-10-25T12:15:00Z,14.89083333
humboldt,2014-10-26T12:15:00Z,15.11291667
humboldt,2014-10-27T12:15:00Z,15.09541667
humboldt,2014-10-28T12:15:00Z,14.87958333
humboldt,2014-10-29T12:15:00Z,15.0225
humboldt,2014-10-30T12:15:00Z,15.0675
humboldt,2014-10-31T12:15:00Z,15.15416667
humboldt,2014-11-01T12:15:00Z,15.12791667
humboldt,2014-11-02T12:24:07Z,14.85652174
humboldt,2014-11-03T12:15:00Z,14.37083333
humboldt,2014-11-04T12:15:00Z,13.93208333
humboldt,2014-11-05T12:15:00Z,13.78208333
humboldt,2014-11-06T12:15:00Z,13.76083333
humboldt,2014-11-07T12:15:00Z,13.94125
humboldt,2014-11-08T12:15:00Z,13.71541667
humboldt,2014-11-09T12:15:00Z,13.56916667
humboldt,2014-11-10T12:15:00Z,13.56458333
humboldt,2014-11-11T12:15:00Z,13.35333333
humboldt,2014-11-12T12:15:00Z,13.14125
humboldt,2014-11-13T12:15:00Z,13.21625
humboldt,2014-11-14T12:15:00Z,13.33958333
humboldt,2014-11-15T12:15:00Z,13.36291667
humboldt,2014-11-16T12:15:00Z,13.45708333
humboldt,2014-11-17T12:15:00Z,13.34
humboldt,2014-11-18T12:15:00Z,13.21458333
humboldt,2014-11-19T12:15:00Z,13.19125
humboldt,2014-11-20T12:15:00Z,13.31125
humboldt,2014-11-21T12:15:00Z,13.51541667
humboldt,2014-11-22T12:15:00Z,13.83708333
humboldt,2014-11-23T12:15:00Z,14.06083333
humboldt,2014-11-24T12:15:00Z,14.11125
humboldt,2014-11-25T12:15:00Z,14.01208333
humboldt,2014-11-26T12:15:00Z,13.95958333
humboldt,2014-11-27T12:15:00Z,14.03833333
humboldt,2014-11-28T12:15:00Z,14.09625
humboldt,2014-11-29T12:15:00Z,14.12458333
humboldt,2014-11-30T12:15:00Z,13.84
humboldt,2014-12-01T12:15:00Z,13.76541667
humboldt,2014-12-02T12:15:00Z,13.85791667
humboldt,2014-12-03T12:15:00Z,14.04375
humboldt,2014-12-04T12:15:00Z,14.23416667
humboldt,2014-12-05T12:15:00Z,14.51875
humboldt,2014-12-06T12:15:00Z,14.64708333
humboldt,2014-12-07T12:15:00Z,14.61916667
humboldt,2014-12-08T12:15:00Z,14.67
humboldt,2014-12-09T12:15:00Z,14.90958333
humboldt,2014-12-10T12:15:00Z,14.99291667
humboldt,2014-12-11T12:15:00Z,15
humboldt,2014-12-12T12:15:00Z,14.86458333
humboldt,2014-12-13T12:15:00Z,14.46458333
humboldt,2014-12-14T12:15:00Z,14.23791667
humboldt,2014-12-15T12:15:00Z,13.82958333
humboldt,2014-12-16T12:15:00Z,13.72666667
humboldt,2014-12-17T04:45:00Z,13.49333333
humboldt,2014-12-18T23:15:00Z,12.43
humboldt,2014-12-19T12:15:00Z,13.59958333
humboldt,2014-12-20T12:15:00Z,13.97458333
humboldt,2014-12-21T12:15:00Z,14.02666667
humboldt,2014-12-22T08:21:00Z,13.94533333
humboldt,2014-12-30T23:15:00Z,10.945
humboldt,2014-12-31T08:45:00Z,11.08411765
humboldt,2015-01-02T19:15:00Z,10.757
humboldt,2015-01-03T12:15:00Z,11.07541667
humboldt,2015-01-04T12:15:00Z,11.19708333
humboldt,2015-01-05T12:15:00Z,11.16833333
humboldt,2015-01-06T12:15:00Z,11.16666667
humboldt,2015-01-07T12:15:00Z,11.09291667
humboldt,2015-01-08T12:15:00Z,11.13666667
humboldt,2015-01-09T12:15:00Z,11.1375
humboldt,2015-01-10T12:15:00Z,11.28583333
humboldt,2015-01-11T12:15:00Z,11.425
humboldt,2015-01-12T12:15:00Z,11.56041667
humboldt,2015-01-13T12:15:00Z,11.73875
humboldt,2015-01-14T12:15:00Z,11.72375
humboldt,2015-01-15T12:58:38Z,11.73909091
humboldt,2015-01-16T12:15:00Z,11.88208333
humboldt,2015-01-17T12:15:00Z,12.31708333
humboldt,2015-01-18T12:15:00Z,12.74666667
humboldt,2015-01-19T12:15:00Z,12.9375
humboldt,2015-01-20T12:15:00Z,12.64041667
humboldt,2015-01-21T12:15:00Z,12.33333333
humboldt,2015-01-22T12:15:00Z,12.04625
humboldt,2015-01-23T12:15:00Z,11.86625
humboldt,2015-01-24T12:15:00Z,11.77041667
humboldt,2015-01-25T12:15:00Z,11.7475
humboldt,2015-01-26T12:15:00Z,11.69291667
humboldt,2015-01-27T12:15:00Z,11.69166667
humboldt,2015-01-28T12:15:00Z,11.68375
humboldt,2015-01-29T12:15:00Z,11.74625
humboldt,2015-01-30T12:15:00Z,11.90083333
humboldt,2015-01-31T12:15:00Z,11.86166667
humboldt,2015-02-01T12:15:00Z,11.73583333
humboldt,2015-02-02T12:15:00Z,11.77833333
humboldt,2015-02-03T12:15:00Z,12.01333333
humboldt,2015-02-04T12:15:00Z,12.38833333
humboldt,2015-02-05T16:54:13Z,12.66615385
humboldt,2015-02-06T12:15:00Z,12.85708333
humboldt,2015-02-07T12:15:00Z,13.08208333
humboldt,2015-02-08T12:15:00Z,13.1175
humboldt,2015-02-09T12:15:00Z,13.15208333
humboldt,2015-02-10T12:15:00Z,13.03708333
humboldt,2015-02-11T12:15:00Z,12.83958333
humboldt,2015-02-12T12:15:00Z,12.67041667
humboldt,2015-02-13T12:15:00Z,12.62375
humboldt,2015-02-14T12:15:00Z,12.68375
humboldt,2015-02-15T12:15:00Z,12.75583333
humboldt,2015-02-16T12:15:00Z,12.76916667
humboldt,2015-02-17T12:15:00Z,12.82041667
humboldt,2015-02-18T12:15:00Z,12.9175
humboldt,2015-02-19T12:15:00Z,12.79666667
humboldt,2015-02-20T12:15:00Z,12.50833333
humboldt,2015-02-21T12:15:00Z,12.48166667
humboldt,2015-02-22T12:15:00Z,12.15083333
humboldt,2015-02-23T12:15:00Z,11.59833333
humboldt,2015-02-24T12:15:00Z,11.39541667
humboldt,2015-02-25T12:15:00Z,11.41166667
humboldt,2015-02-26T12:15:00Z,11.43041667
humboldt,2015-02-27T12:15:00Z,11.27291667
humboldt,2015-02-28T06:39:00Z,11.32
humboldt,2015-03-01T12:15:00Z,11.21041667
humboldt,2015-03-02T12:15:00Z,11.18958333
humboldt,2015-03-03T12:15:00Z,10.91625
humboldt,2015-03-04T12:45:00Z,10.64615385
humboldt,2015-03-05T11:19:46Z,10.97157895
humboldt,2015-03-06T11:48:00Z,11.03625
humboldt,2015-03-07T12:15:00Z,11.16
humboldt,2015-03-08T12:15:00Z,11.01458333
humboldt,2015-03-09T12:15:00Z,10.96916667
humboldt,2015-03-10T12:15:00Z,10.82625
humboldt,2015-03-11T12:15:00Z,10.89166667
humboldt,2015-03-12T12:15:00Z,11.13416667
humboldt,2015-03-13T12:15:00Z,11.32708333
humboldt,2015-03-14T12:15:00Z,11.57625
humboldt,2015-03-15T12:15:00Z,11.47625
humboldt,2015-03-16T12:15:00Z,11.63875
humboldt,2015-03-17T12:15:00Z,11.93666667
humboldt,2015-03-18T14:57:00Z,12.066
humboldt,2015-03-19T12:15:00Z,12.23958333
humboldt,2015-03-20T12:15:00Z,12.06625
humboldt,2015-03-21T12:15:00Z,12.18125
humboldt,2015-03-22T12:15:00Z,12.26
humboldt,2015-03-23T12:15:00Z,12.09708333
humboldt,2015-03-24T12:15:00Z,12.20625
humboldt,2015-03-25T12:15:00Z,12.25208333
humboldt,2015-03-26T12:14:22Z,12.4875
humboldt,2015-03-27T12:15:00Z,12.53958333
humboldt,2015-03-28T12:15:00Z,12.76416667
humboldt,2015-03-29T12:15:00Z,12.74875
humboldt,2015-03-30T12:16:18Z,12.41826087
humboldt,2015-03-31T12:15:00Z,12.57833333
humboldt,2015-04-01T12:15:00Z,12.21
humboldt,2015-04-02T12:15:00Z,12.31833333
humboldt,2015-04-03T12:15:00Z,11.625
humboldt,2015-04-04T12:15:00Z,11.40583333
humboldt,2015-04-05T12:15:00Z,11.30708333
humboldt,2015-04-06T12:15:00Z,10.85
humboldt,2015-04-07T12:15:00Z,10.6225
humboldt,2015-04-08T12:15:00Z,11.26
humboldt,2015-04-09T12:15:00Z,11.76
humboldt,2015-04-10T12:15:00Z,11.90458333
humboldt,2015-04-11T12:15:00Z,11.94541667
humboldt,2015-04-12T12:15:00Z,11.85333333
humboldt,2015-04-13T12:15:00Z,11.63333333
humboldt,2015-04-14T12:15:00Z,11.47166667
humboldt,2015-04-15T12:15:00Z,11.38458333
humboldt,2015-04-16T12:15:00Z,11.01083333
humboldt,2015-04-17T12:15:00Z,10.95291667
humboldt,2015-04-18T12:15:00Z,10.97583333
humboldt,2015-04-19T12:15:00Z,10.86458333
humboldt,2015-04-20T12:15:00Z,11.17416667
humboldt,2015-04-21T12:15:00Z,10.99375
humboldt,2015-04-22T12:15:00Z,11.00208333
humboldt,2015-04-23T13:00:34Z,10.53038462
humboldt,2015-04-24T12:15:00Z,10.19833333
humboldt,2015-04-25T12:15:00Z,10.28708333
humboldt,2015-04-26T12:15:00Z,10.7375
humboldt,2015-04-27T12:15:00Z,11.17375
humboldt,2015-04-28T12:15:00Z,11.55708333
humboldt,2015-04-29T12:15:00Z,11.69333333
humboldt,2015-04-30T12:15:00Z,11.34083333
humboldt,2015-05-01T11:58:02Z,11.04652174
humboldt,2015-05-02T12:15:00Z,10.9175
humboldt,2015-05-03T12:15:00Z,10.705
humboldt,2015-05-04T12:15:00Z,10.42541667
humboldt,2015-05-05T12:15:00Z,10.46958333
humboldt,2015-05-06T12:15:00Z,10.66166667
humboldt,2015-05-07T12:15:00Z,10.81333333
humboldt,2015-05-08T12:15:00Z,10.64166667
humboldt,2015-05-09T12:15:00Z,10.61083333
humboldt,2015-05-10T12:15:00Z,10.41916667
humboldt,2015-05-11T12:15:00Z,10.75541667
humboldt,2015-05-12T12:15:00Z,10.78166667
humboldt,2015-05-13T12:15:00Z,10.60958333
humboldt,2015-05-14T12:15:00Z,10.66333333
humboldt,2015-05-15T12:15:00Z,11.3575
humboldt,2015-05-16T07:15:00Z,12.2225
humboldt,2015-05-17T12:15:00Z,10.86375
humboldt,2015-05-18T12:15:00Z,10.98125
humboldt,2015-05-19T12:15:00Z,10.95875
humboldt,2015-05-20T12:15:00Z,10.75333333
humboldt,2015-05-21T12:15:00Z,10.8125
humboldt,2015-05-22T12:15:00Z,11.30708333
humboldt,2015-05-23T12:15:00Z,11.42833333
humboldt,2015-05-24T12:15:00Z,11.5575
humboldt,2015-05-25T12:15:00Z,11.64458333
humboldt,2015-05-26T12:15:00Z,11.62
humboldt,2015-05-27T12:15:00Z,11.55333333
humboldt,2015-05-28T12:15:00Z,11.63333333
humboldt,2015-05-29T12:15:00Z,11.50916667
humboldt,2015-05-30T12:15:00Z,11.31416667
humboldt,2015-05-31T12:15:00Z,11.17333333
humboldt,2015-06-01T12:15:00Z,11.36541667
humboldt,2015-06-02T12:15:00Z,11.96208333
humboldt,2015-06-03T12:15:00Z,12.30666667
humboldt,2015-06-04T12:15:00Z,12.645
humboldt,2015-06-05T12:15:00Z,13.23833333
humboldt,2015-06-06T12:15:00Z,13.06833333
humboldt,2015-06-07T12:15:00Z,13.09291667
humboldt,2015-06-08T12:15:00Z,13.35083333
humboldt,2015-06-09T12:15:00Z,13.83166667
humboldt,2015-06-10T12:15:00Z,14.26666667
humboldt,2015-06-11T12:15:00Z,14.16875
humboldt,2015-06-12T12:15:00Z,14.13916667
humboldt,2015-06-13T12:15:00Z,14.09791667
humboldt,2015-06-14T12:15:00Z,13.57083333
humboldt,2015-06-15T12:15:00Z,12.91916667
humboldt,2015-06-16T12:15:00Z,12.53083333
humboldt,2015-06-17T12:15:00Z,12.41
humboldt,2015-06-18T12:15:00Z,12.14583333
humboldt,2015-06-19T12:15:00Z,11.96041667
humboldt,2015-06-20T12:15:00Z,12.08958333
humboldt,2015-06-21T12:15:00Z,12.08458333
humboldt,2015-06-22T12:15:00Z,12.38
humboldt,2015-06-23T12:15:00Z,12.72166667
humboldt,2015-06-24T12:15:00Z,12.96958333
humboldt,2015-06-25T12:15:00Z,13.59416667
humboldt,2015-06-26T12:15:00Z,13.90875
humboldt,2015-06-27T08:15:00Z,13.419375
humboldt,2015-07-01T00:45:00Z,16.05
humboldt,2015-07-07T23:45:00Z,13.57
humboldt,2015-07-08T12:15:00Z,15.38041667
humboldt,2015-07-09T12:15:00Z,15.12166667
humboldt,2015-07-10T12:15:00Z,14.86166667
humboldt,2015-07-11T12:15:00Z,14.83083333
humboldt,2015-07-12T12:15:00Z,15.24833333
humboldt,2015-07-13T12:15:00Z,15.52666667
humboldt,2015-07-14T12:15:00Z,15.6075
humboldt,2015-07-15T12:15:00Z,15.35958333
humboldt,2015-07-16T12:15:00Z,15.19083333
humboldt,2015-07-17T12:15:00Z,14.97541667
humboldt,2015-07-18T12:15:00Z,14.49875
humboldt,2015-07-19T12:15:00Z,14.8625
humboldt,2015-07-20T12:15:00Z,15.28291667
humboldt,2015-07-21T12:15:00Z,14.86458333
humboldt,2015-07-22T12:15:00Z,14.94166667
humboldt,2015-07-23T12:15:00Z,15.28791667
humboldt,2015-07-24T12:15:00Z,15.62583333
humboldt,2015-07-25T12:15:00Z,15.77208333
humboldt,2015-07-26T12:15:00Z,15.34666667
humboldt,2015-07-27T12:15:00Z,15.24166667
humboldt,2015-07-28T12:15:00Z,14.55708333
humboldt,2015-07-29T12:15:00Z,14.15208333
humboldt,2015-07-30T12:15:00Z,13.75416667
humboldt,2015-07-31T12:15:00Z,14.16875
humboldt,2015-08-01T12:15:00Z,14.83166667
humboldt,2015-08-02T12:15:00Z,14.40833333
humboldt,2015-08-03T12:15:00Z,14.25541667
humboldt,2015-08-04T12:15:00Z,14.49291667
humboldt,2015-08-05T12:15:00Z,14.90416667
humboldt,2015-08-06T12:15:00Z,15.27
humboldt,2015-08-07T12:15:00Z,15.22875
humboldt,2015-08-08T12:15:00Z,15.42875
humboldt,2015-08-09T12:15:00Z,15.36791667
humboldt,2015-08-10T12:15:00Z,15.29833333
humboldt,2015-08-11T12:15:00Z,15.31416667
humboldt,2015-08-12T12:15:00Z,15.19625
humboldt,2015-08-13T12:15:00Z,15.52375
humboldt,2015-08-14T12:15:00Z,15.84708333
humboldt,2015-08-15T12:15:00Z,15.99791667
humboldt,2015-08-16T12:15:00Z,15.93541667
humboldt,2015-08-17T12:15:00Z,15.92166667
humboldt,2015-08-18T12:15:00Z,15.54458333
humboldt,2015-08-19T12:15:00Z,15.53916667
humboldt,2015-08-20T13:02:18Z,15.63625
humboldt,2015-08-21T11:52:30Z,15.67083333
humboldt,2015-08-22T11:52:30Z,15.66833333
humboldt,2015-08-23T11:52:30Z,15.73708333
humboldt,2015-08-24T11:52:30Z,15.8825
humboldt,2015-08-25T11:52:30Z,16.0925
humboldt,2015-08-26T11:52:30Z,16.07083333
humboldt,2015-08-27T11:52:30Z,15.78916667
humboldt,2015-08-28T11:52:30Z,15.37541667
humboldt,2015-08-29T11:52:30Z,15.66333333
humboldt,2015-08-30T11:52:30Z,16.76291667
humboldt,2015-08-31T11:37:20Z,16.46391304
humboldt,2015-09-01T12:15:00Z,15.96416667
humboldt,2015-09-02T12:15:00Z,15.6575
humboldt,2015-09-03T12:15:00Z,15.42958333
humboldt,2015-09-04T12:15:00Z,15.02458333
humboldt,2015-09-05T12:15:00Z,14.76541667
humboldt,2015-09-06T12:15:00Z,14.60625
humboldt,2015-09-07T12:15:00Z,14.43875
humboldt,2015-09-08T12:15:00Z,14.06166667
humboldt,2015-09-09T12:15:00Z,13.74125
humboldt,2015-09-10T12:15:00Z,13.68458333
humboldt,2015-09-11T12:15:00Z,13.69458333
humboldt,2015-09-12T12:15:00Z,13.60666667
humboldt,2015-09-13T12:15:00Z,13.26208333
humboldt,2015-09-14T12:15:00Z,12.97333333
humboldt,2015-09-15T12:15:00Z,12.7925
humboldt,2015-09-16T12:15:00Z,12.65791667
humboldt,2015-09-17T12:15:00Z,13.03958333
humboldt,2015-09-18T12:15:00Z,13.73666667
humboldt,2015-09-19T12:15:00Z,13.84291667
humboldt,2015-09-20T12:15:00Z,14.06416667
humboldt,2015-09-21T12:15:00Z,14.22583333
humboldt,2015-09-22T12:15:00Z,13.96
humboldt,2015-09-23T12:15:00Z,13.43166667
humboldt,2015-09-24T12:15:00Z,13.26583333
humboldt,2015-09-25T12:15:00Z,13.14458333
humboldt,2015-09-26T12:15:00Z,13.18833333
humboldt,2015-09-27T12:15:00Z,12.94208333
humboldt,2015-09-28T12:15:00Z,12.80916667
humboldt,2015-09-29T12:40:48Z,12.78791667
humboldt,2015-09-30T11:37:20Z,13.02608696
humboldt,2015-10-01T12:07:39Z,12.93375
humboldt,2015-10-02T11:52:30Z,12.97791667
humboldt,2015-10-03T11:52:30Z,13.00791667
humboldt,2015-10-04T11:52:30Z,12.76625
humboldt,2015-10-05T09:48:58Z,12.86529412
humboldt,2015-10-06T11:06:08Z,12.805
humboldt,2015-10-07T11:52:30Z,13.00125
humboldt,2015-10-08T11:52:30Z,13.0425
humboldt,2015-10-09T11:52:30Z,13.26208333
humboldt,2015-10-10T11:52:30Z,13.81166667
humboldt,2015-10-11T11:52:30Z,14.36416667
humboldt,2015-10-12T11:52:30Z,14.47375
humboldt,2015-10-13T11:52:30Z,14.13208333
humboldt,2015-10-14T11:52:30Z,13.91875
humboldt,2015-10-15T11:52:30Z,14.11125
humboldt,2015-10-16T11:52:30Z,14.20916667
humboldt,2015-10-17T11:52:30Z,14.12
humboldt,2015-10-18T11:52:30Z,14.31916667
humboldt,2015-10-19T11:52:30Z,14.8475
humboldt,2015-10-20T11:52:30Z,14.83208333
humboldt,2015-10-21T11:52:30Z,14.81708333
humboldt,2015-10-22T11:52:30Z,14.44458333
humboldt,2015-10-23T11:52:30Z,14.06541667
humboldt,2015-10-24T11:52:30Z,13.87166667
humboldt,2015-10-25T11:52:30Z,13.87833333
humboldt,2015-10-26T11:52:30Z,13.87375
humboldt,2015-10-27T11:52:30Z,13.76958333
humboldt,2015-10-28T11:52:30Z,13.90958333
humboldt,2015-10-29T11:52:30Z,14.32666667
humboldt,2015-10-30T11:52:30Z,14.27291667
humboldt,2015-10-31T11:37:20Z,14.06956522
humboldt,2015-11-01T12:17:40Z,14.04608696
humboldt,2015-11-02T11:52:30Z,14.13083333
humboldt,2015-11-03T11:52:30Z,14.08583333
humboldt,2015-11-04T11:52:30Z,13.61916667
humboldt,2015-11-05T11:52:30Z,13.00666667
humboldt,2015-11-06T11:52:30Z,12.50583333
humboldt,2015-11-07T11:52:30Z,12.22958333
humboldt,2015-11-08T11:52:30Z,12.32875
humboldt,2015-11-09T11:52:30Z,12.50916667
humboldt,2015-11-10T11:51:52Z,12.41666667
humboldt,2015-11-11T11:52:30Z,12.31166667
humboldt,2015-11-12T11:52:30Z,12.40666667
humboldt,2015-11-13T11:52:30Z,12.3175
humboldt,2015-11-14T11:52:30Z,12.21
humboldt,2015-11-15T11:52:30Z,12.18708333
humboldt,2015-11-16T11:52:30Z,11.8925
humboldt,2015-11-17T11:52:30Z,11.81166667
humboldt,2015-11-18T11:52:30Z,12.0325
humboldt,2015-11-19T11:52:30Z,11.99666667
humboldt,2015-11-20T11:52:30Z,12.05375
humboldt,2015-11-21T11:52:30Z,12.01208333
humboldt,2015-11-22T11:52:30Z,11.91041667
humboldt,2015-11-23T11:52:30Z,11.83041667
humboldt,2015-11-24T11:52:30Z,11.70041667
humboldt,2015-11-25T11:52:30Z,11.49041667
humboldt,2015-11-26T11:52:30Z,11.17791667
humboldt,2015-11-27T11:52:30Z,10.78666667
humboldt,2015-11-28T11:52:30Z,10.47583333
humboldt,2015-11-29T11:52:30Z,10.25541667
humboldt,2015-11-30T11:37:20Z,10.08521739
humboldt,2015-12-01T11:52:30Z,10.23
humboldt,2015-12-02T12:07:39Z,10.70666667
humboldt,2015-12-03T11:52:30Z,11.24708333
humboldt,2015-12-04T11:52:30Z,11.29791667
humboldt,2015-12-05T11:52:30Z,11.53375
humboldt,2015-12-06T11:52:30Z,11.81291667
humboldt,2015-12-07T11:52:30Z,12.40125
humboldt,2015-12-08T11:52:30Z,12.75375
humboldt,2015-12-09T11:52:30Z,13.04541667
humboldt,2015-12-10T11:52:30Z,13.11916667
humboldt,2015-12-11T11:52:30Z,12.73416667
humboldt,2015-12-12T11:52:30Z,12.4975
humboldt,2015-12-13T11:52:30Z,12.2375
humboldt,2015-12-14T11:52:30Z,11.88041667
humboldt,2015-12-15T11:52:30Z,11.64041667
humboldt,2015-12-16T11:52:30Z,11.39458333
humboldt,2015-12-17T11:52:30Z,11.32208333
humboldt,2015-12-18T11:52:30Z,11.37541667
humboldt,2015-12-19T11:52:30Z,11.35625
humboldt,2015-12-20T11:52:30Z,11.12333333
humboldt,2015-12-21T11:52:30Z,11.1375
humboldt,2015-12-22T11:52:30Z,11.37708333
humboldt,2015-12-23T11:52:30Z,11.35125
humboldt,2015-12-24T11:52:30Z,11.13708333
humboldt,2015-12-25T11:52:30Z,10.8525
humboldt,2015-12-26T11:52:30Z,10.655
humboldt,2015-12-27T11:52:30Z,10.34541667
humboldt,2015-12-28T11:52:30Z,10.15083333
humboldt,2015-12-29T11:52:30Z,10.28708333
humboldt,2015-12-30T11:52:30Z,10.19
humboldt,2015-12-31T11:37:20Z,10.03478261
humboldt,2016-01-01T12:07:39Z,9.7
humboldt,2016-01-02T11:52:30Z,9.395416667
humboldt,2016-01-03T11:52:30Z,9.462083333
humboldt,2016-01-04T11:52:30Z,9.759166667
humboldt,2016-01-05T11:52:30Z,10.18166667
humboldt,2016-01-06T11:52:30Z,10.48625
humboldt,2016-01-07T11:52:30Z,10.59916667
humboldt,2016-01-08T11:52:30Z,10.85791667
humboldt,2016-01-09T11:52:30Z,10.9625
humboldt,2016-01-10T11:52:30Z,10.98916667
humboldt,2016-01-11T11:52:30Z,11.22541667
humboldt,2016-01-12T11:52:30Z,11.65375
humboldt,2016-01-13T11:52:30Z,11.87125
humboldt,2016-01-14T11:52:30Z,11.61625
humboldt,2016-01-15T11:52:30Z,11.26166667
humboldt,2016-01-16T11:52:30Z,11.27958333
humboldt,2016-01-17T11:52:30Z,11.59583333
humboldt,2016-01-18T11:52:30Z,11.615
humboldt,2016-01-19T11:52:30Z,11.82916667
humboldt,2016-01-20T11:52:30Z,11.92333333
humboldt,2016-01-21T02:06:40Z,11.8975
humboldt,2016-01-23T21:00:00Z,NA
humboldt,2016-01-24T04:30:00Z,NA
humboldt,2016-01-26T21:12:00Z,12.5775
humboldt,2016-01-27T11:26:47Z,12.5152381
humboldt,2016-01-28T11:52:30Z,12.74
humboldt,2016-01-29T08:34:51Z,12.78058824
humboldt,2016-01-30T18:00:00Z,NA
humboldt,2016-02-01T13:54:49Z,11.03
humboldt,2016-02-02T11:52:30Z,11.11666667
humboldt,2016-02-03T11:52:30Z,11.18791667
humboldt,2016-02-04T11:52:30Z,11.08166667
humboldt,2016-02-05T11:52:30Z,11.26041667
humboldt,2016-02-06T11:52:30Z,11.42875
humboldt,2016-02-07T11:52:30Z,11.64458333
humboldt,2016-02-08T11:52:30Z,11.85375
humboldt,2016-02-09T11:52:30Z,12.02708333
humboldt,2016-02-10T11:52:30Z,12.00166667
humboldt,2016-02-11T11:52:30Z,12.15291667
humboldt,2016-02-12T11:52:30Z,12.30375
humboldt,2016-02-13T11:52:30Z,12.29041667
humboldt,2016-02-14T11:52:30Z,12.25541667
humboldt,2016-02-15T11:52:30Z,12.33583333
humboldt,2016-02-16T11:52:30Z,12.12583333
humboldt,2016-02-17T11:52:30Z,11.88791667
humboldt,2016-02-18T11:52:30Z,11.59916667
humboldt,2016-02-19T11:52:30Z,11.49291667
humboldt,2016-02-20T11:52:30Z,11.46833333
humboldt,2016-02-21T10:37:19Z,11.37238095
humboldt,2016-02-23T19:37:56Z,11.42111111
humboldt,2016-02-24T11:52:30Z,11.72791667
humboldt,2016-02-25T11:52:30Z,12.10041667
humboldt,2016-02-26T11:52:30Z,12.20833333
humboldt,2016-02-27T11:52:30Z,12.2225
humboldt,2016-02-28T11:52:30Z,12.22375
humboldt,2016-02-29T11:37:20Z,12.15347826
humboldt,2016-03-01T12:07:39Z,11.98333333
humboldt,2016-03-02T11:52:30Z,11.98166667
humboldt,2016-03-03T11:52:30Z,12.31833333
humboldt,2016-03-04T11:52:30Z,12.47291667
humboldt,2016-03-05T11:52:30Z,12.54083333
humboldt,2016-03-06T11:52:30Z,12.52958333
humboldt,2016-03-07T11:52:30Z,12.32625
humboldt,2016-03-08T11:52:30Z,12.26875
humboldt,2016-03-09T11:52:30Z,12.06125
humboldt,2016-03-10T11:52:30Z,12.38583333
humboldt,2016-03-11T11:52:30Z,12.52958333
humboldt,2016-03-12T11:52:30Z,12.3125
humboldt,2016-03-13T11:52:30Z,12.13666667
humboldt,2016-03-14T10:46:30Z,12.318
humboldt,2016-03-15T11:52:30Z,12.32208333
humboldt,2016-03-16T11:52:30Z,12.4825
humboldt,2016-03-17T11:52:30Z,12.85583333
humboldt,2016-03-18T11:52:30Z,13.08041667
humboldt,2016-03-19T11:52:30Z,13.38333333
humboldt,2016-03-20T11:52:30Z,13.44333333
humboldt,2016-03-21T11:52:30Z,13.45958333
humboldt,2016-03-22T11:52:30Z,13.27708333
humboldt,2016-03-23T11:52:30Z,13.36083333
humboldt,2016-03-24T11:52:30Z,13.325
humboldt,2016-03-25T11:52:30Z,13.19958333
humboldt,2016-03-26T11:52:30Z,12.87291667
humboldt,2016-03-27T11:52:30Z,12.88541667
humboldt,2016-03-28T11:52:30Z,12.60916667
humboldt,2016-03-29T11:52:30Z,12.16125
humboldt,2016-03-30T11:52:30Z,11.82375
humboldt,2016-03-31T11:37:20Z,12.17130435
humboldt,2016-04-01T12:07:39Z,12.56708333
humboldt,2016-04-02T11:52:30Z,12.74166667
humboldt,2016-04-03T11:52:30Z,12.66166667
humboldt,2016-04-04T11:52:30Z,12.745
humboldt,2016-04-05T11:52:30Z,12.37
humboldt,2016-04-06T11:52:30Z,12.0275
humboldt,2016-04-07T11:52:30Z,12.13083333
humboldt,2016-04-08T11:52:30Z,12.91833333
humboldt,2016-04-09T11:52:30Z,12.68958333
humboldt,2016-04-10T11:52:30Z,12.41875
humboldt,2016-04-11T11:52:30Z,12.20083333
humboldt,2016-04-12T11:52:30Z,12.18541667
humboldt,2016-04-13T11:52:30Z,12.25208333
humboldt,2016-04-14T11:52:30Z,12.12333333
humboldt,2016-04-15T11:52:30Z,12.42166667
humboldt,2016-04-16T11:52:30Z,12.53583333
humboldt,2016-04-17T11:52:30Z,12.64875
humboldt,2016-04-18T11:52:30Z,13.08333333
humboldt,2016-04-19T11:52:30Z,13.56625
humboldt,2016-04-20T11:52:30Z,13.61916667
humboldt,2016-04-21T11:52:30Z,13.78791667
humboldt,2016-04-22T11:52:30Z,13.81333333
humboldt,2016-04-23T11:52:30Z,13.89583333
humboldt,2016-04-24T11:52:30Z,13.92416667
humboldt,2016-04-25T11:29:01Z,13.51913043
humboldt,2016-04-26T11:52:30Z,12.99166667
humboldt,2016-04-27T11:52:30Z,12.62166667
humboldt,2016-04-28T11:52:30Z,12.64583333
humboldt,2016-04-29T11:52:30Z,12.74291667
humboldt,2016-04-30T11:37:20Z,12.54826087
humboldt,2016-05-01T12:07:39Z,12.14875
humboldt,2016-05-02T11:52:30Z,11.86708333
humboldt,2016-05-03T11:52:30Z,12.26625
humboldt,2016-05-04T11:52:30Z,12.19
humboldt,2016-05-05T11:52:30Z,12.08708333
humboldt,2016-05-06T11:52:30Z,11.8275
humboldt,2016-05-07T11:52:30Z,11.8375
humboldt,2016-05-08T11:52:30Z,11.69291667
humboldt,2016-05-09T11:52:30Z,11.395
humboldt,2016-05-10T11:52:30Z,11.36375
humboldt,2016-05-11T11:52:30Z,11.56458333
humboldt,2016-05-12T11:52:30Z,12.15083333
humboldt,2016-05-13T11:52:30Z,12.05458333
humboldt,2016-05-14T11:52:30Z,12.24458333
humboldt,2016-05-15T11:52:30Z,12.73083333
humboldt,2016-05-16T11:52:30Z,13.37708333
humboldt,2016-05-17T11:52:30Z,13.58625
humboldt,2016-05-18T11:52:30Z,13.60416667
humboldt,2016-05-19T11:52:30Z,13.28416667
humboldt,2016-05-20T11:52:30Z,12.49541667
humboldt,2016-05-21T11:52:30Z,12.21
humboldt,2016-05-22T11:52:30Z,12.45583333
humboldt,2016-05-23T11:52:30Z,12.83291667
humboldt,2016-05-24T11:52:30Z,13.09291667
humboldt,2016-05-25T11:52:30Z,12.99583333
humboldt,2016-05-26T11:52:30Z,13.01291667
humboldt,2016-05-27T11:52:30Z,13.02458333
humboldt,2016-05-28T11:52:30Z,12.74333333
humboldt,2016-05-29T11:52:30Z,12.66666667
humboldt,2016-05-30T11:52:30Z,12.35875
humboldt,2016-05-31T11:37:20Z,11.92478261
humboldt,2016-06-01T12:07:39Z,11.97625
humboldt,2016-06-02T11:52:30Z,12.09125
humboldt,2016-06-03T11:52:30Z,11.92541667
humboldt,2016-06-04T11:52:30Z,11.83833333
humboldt,2016-06-05T11:52:30Z,11.79125
humboldt,2016-06-06T11:52:30Z,11.91958333
humboldt,2016-06-07T11:52:30Z,12.11541667
humboldt,2016-06-08T11:37:20Z,12.29217391
humboldt,2016-06-09T19:37:56Z,13.22777778
humboldt,2016-06-10T11:52:30Z,12.46458333
humboldt,2016-06-11T11:52:30Z,12.83333333
humboldt,2016-06-12T11:52:30Z,13.09208333
humboldt,2016-06-13T11:52:30Z,13.31458333
humboldt,2016-06-14T11:52:30Z,13.19666667
humboldt,2016-06-15T11:52:30Z,13.07875
humboldt,2016-06-16T11:52:30Z,13.24125
humboldt,2016-06-17T11:52:30Z,13.94083333
humboldt,2016-06-18T11:52:30Z,14.21208333
humboldt,2016-06-19T11:52:30Z,14.14875
humboldt,2016-06-20T12:15:58Z,13.75782609
humboldt,2016-06-21T11:52:30Z,14.08
humboldt,2016-06-22T11:52:30Z,13.7575
humboldt,2016-06-23T11:52:30Z,13.46458333
humboldt,2016-06-24T11:52:30Z,13.5975
humboldt,2016-06-25T11:52:30Z,13.36083333
humboldt,2016-06-26T11:52:30Z,13.25625
humboldt,2016-06-27T11:52:30Z,13.27375
humboldt,2016-06-28T11:52:30Z,13.02541667
humboldt,2016-06-29T11:52:30Z,12.78708333
humboldt,2016-06-30T11:37:20Z,12.89
humboldt,2016-07-01T12:07:39Z,12.80583333
humboldt,2016-07-02T11:52:30Z,12.52125
humboldt,2016-07-03T11:52:30Z,12.29833333
humboldt,2016-07-04T11:52:30Z,11.92125
humboldt,2016-07-05T11:52:30Z,12.05541667
humboldt,2016-07-06T11:52:30Z,11.87708333
humboldt,2016-07-07T11:52:30Z,11.57875
humboldt,2016-07-08T11:52:30Z,11.57916667
humboldt,2016-07-09T11:52:30Z,11.82333333
humboldt,2016-07-10T11:52:30Z,12.63916667
humboldt,2016-07-11T11:52:30Z,13.08708333
humboldt,2016-07-12T11:52:30Z,13.36625
humboldt,2016-07-13T11:52:30Z,13.80958333
humboldt,2016-07-14T11:52:30Z,13.8525
humboldt,2016-07-15T11:52:30Z,13.72333333
humboldt,2016-07-16T11:52:30Z,13.58
humboldt,2016-07-17T11:52:30Z,13.16
humboldt,2016-07-18T11:52:30Z,12.745
humboldt,2016-07-19T11:52:30Z,12.98583333
humboldt,2016-07-20T11:52:30Z,13.34875
humboldt,2016-07-21T11:52:30Z,13.21708333
humboldt,2016-07-22T11:52:30Z,13.37333333
humboldt,2016-07-23T11:52:30Z,13.31541667
humboldt,2016-07-24T11:52:30Z,13.57791667
humboldt,2016-07-25T11:52:30Z,13.69458333
humboldt,2016-07-26T11:52:11Z,13.74541667
humboldt,2016-07-27T11:52:30Z,13.41791667
humboldt,2016-07-28T11:52:30Z,13.265
humboldt,2016-07-29T11:52:30Z,12.83208333
humboldt,2016-07-30T11:52:30Z,12.86208333
humboldt,2016-07-31T11:37:20Z,12.7673913
humboldt,2016-08-01T12:07:39Z,12.875
humboldt,2016-08-02T11:52:30Z,NA
humboldt,2016-08-03T09:48:58Z,12.32411765
humboldt,2016-08-04T11:52:30Z,17.27333333
humboldt,2016-08-05T11:52:30Z,17.77458333
humboldt,2016-08-06T11:52:30Z,19.94
humboldt,2016-08-07T11:52:30Z,16.81
humboldt,2016-08-08T11:52:30Z,16.57583333
humboldt,2016-08-09T11:52:30Z,17.3775
humboldt,2016-08-10T11:52:30Z,17.15166667
humboldt,2016-08-11T11:52:30Z,16.37041667
humboldt,2016-08-12T11:52:30Z,15.98041667
humboldt,2016-08-13T11:52:30Z,14.41958333
humboldt,2016-08-14T11:52:30Z,14.15166667
humboldt,2016-08-15T11:52:30Z,18.27125
humboldt,2016-08-16T11:52:30Z,17.48166667
humboldt,2016-08-17T11:52:30Z,17.79833333
humboldt,2016-08-18T11:52:30Z,14.19333333
humboldt,2016-08-19T13:34:02Z,15.91769231
humboldt,2016-08-20T11:52:30Z,20.39291667
humboldt,2016-08-21T11:52:30Z,19.33583333
humboldt,2016-08-22T11:52:30Z,16.37916667
humboldt,2016-08-23T11:52:30Z,13.76708333
humboldt,2016-08-24T11:52:30Z,14.115
humboldt,2016-08-25T11:52:30Z,13.85833333
humboldt,2016-08-26T11:52:30Z,13.81958333
humboldt,2016-08-27T11:52:30Z,14.14083333
humboldt,2016-08-28T11:52:30Z,14.07208333
humboldt,2016-08-29T11:52:30Z,14.04583333
humboldt,2016-08-30T11:52:30Z,14.34
humboldt,2016-08-31T11:37:20Z,14.50565217
humboldt,2016-09-01T12:07:39Z,14.84125
humboldt,2016-09-02T11:52:30Z,14.43958333
humboldt,2016-09-03T11:52:30Z,14.08666667
humboldt,2016-09-04T11:52:30Z,13.99125
humboldt,2016-09-05T11:52:30Z,13.95166667
humboldt,2016-09-06T11:52:30Z,13.99916667
humboldt,2016-09-07T11:52:30Z,13.92416667
humboldt,2016-09-08T11:52:30Z,14.18666667
humboldt,2016-09-09T11:52:30Z,14.22625
humboldt,2016-09-10T11:52:30Z,14.17625
humboldt,2016-09-11T11:52:30Z,14.39958333
humboldt,2016-09-12T11:52:30Z,14.21958333
humboldt,2016-09-13T11:52:30Z,13.61041667
humboldt,2016-09-14T11:52:30Z,13.78416667
humboldt,2016-09-15T11:52:30Z,13.51583333
humboldt,2016-09-16T11:52:30Z,12.86791667
humboldt,2016-09-17T12:06:08Z,12.79772727
humboldt,2016-09-18T11:52:30Z,12.68
humboldt,2016-09-19T11:52:30Z,12.81041667
humboldt,2016-09-20T11:52:30Z,12.80625
humboldt,2016-09-21T11:52:30Z,13.03291667
humboldt,2016-09-22T11:52:30Z,13.02125
humboldt,2016-09-23T11:52:30Z,12.97791667
humboldt,2016-09-24T11:52:30Z,12.94791667
humboldt,2016-09-25T11:52:30Z,12.88041667
humboldt,2016-09-26T11:52:30Z,12.81166667
humboldt,2016-09-27T09:07:17Z,12.805
humboldt,2016-09-28T14:43:55Z,12.97571429
humboldt,2016-09-29T12:01:04Z,13.20857143
humboldt,2016-09-30T17:12:30Z,12.13916667
humboldt,2016-10-01T12:07:39Z,12.4125
humboldt,2016-10-02T11:52:30Z,12.5175
humboldt,2016-10-03T11:52:30Z,12.38125
humboldt,2016-10-04T11:52:30Z,12.33833333
humboldt,2016-10-05T11:52:30Z,12.68958333
humboldt,2016-10-06T11:52:30Z,12.96333333
humboldt,2016-10-07T11:52:30Z,13.13291667
humboldt,2016-10-08T11:52:30Z,13.28458333
humboldt,2016-10-09T11:52:30Z,13.19625
humboldt,2016-10-10T11:52:30Z,13.03958333
humboldt,2016-10-11T11:52:30Z,13.1175
humboldt,2016-10-12T11:52:30Z,13.28
humboldt,2016-10-13T11:52:30Z,12.99583333
humboldt,2016-10-14T11:52:30Z,13.10291667
humboldt,2016-10-15T11:52:30Z,13.26208333
humboldt,2016-10-16T11:52:30Z,13.67416667
humboldt,2016-10-17T11:52:30Z,13.73666667
humboldt,2016-10-18T11:52:30Z,13.84416667
humboldt,2016-10-19T11:52:30Z,13.92666667
humboldt,2016-10-20T11:52:30Z,13.75083333
humboldt,2016-10-21T11:52:30Z,13.70666667
humboldt,2016-10-22T11:52:30Z,13.29125
humboldt,2016-10-23T11:52:30Z,13.05833333
humboldt,2016-10-24T11:52:30Z,12.77333333
humboldt,2016-10-25T11:52:30Z,12.89583333
humboldt,2016-10-26T11:52:30Z,13.4625
humboldt,2016-10-27T11:52:30Z,13.75166667
humboldt,2016-10-28T11:52:30Z,13.89916667
humboldt,2016-10-29T11:52:30Z,13.92208333
humboldt,2016-10-30T11:52:30Z,13.83375
humboldt,2016-10-31T11:37:20Z,13.98782609
humboldt,2016-11-01T12:07:39Z,13.83166667
humboldt,2016-11-02T11:52:30Z,13.84416667
humboldt,2016-11-03T11:52:30Z,14.01166667
humboldt,2016-11-04T11:52:30Z,14.06708333
humboldt,2016-11-05T11:52:30Z,14.15916667
humboldt,2016-11-06T12:01:37Z,14.28086957
humboldt,2016-11-07T11:52:30Z,14.37666667
humboldt,2016-11-08T11:52:30Z,14.49958333
humboldt,2016-11-09T11:52:11Z,14.61291667
humboldt,2016-11-10T11:52:30Z,14.5875
humboldt,2016-11-11T11:52:30Z,14.45083333
humboldt,2016-11-12T11:52:30Z,14.34416667
humboldt,2016-11-13T11:52:30Z,14.37458333
humboldt,2016-11-14T11:52:30Z,14.21416667
humboldt,2016-11-15T11:52:30Z,14.14583333
humboldt,2016-11-16T11:52:30Z,13.8425
humboldt,2016-11-17T11:52:30Z,13.52625
humboldt,2016-11-18T11:52:30Z,13.10125
humboldt,2016-11-19T11:52:30Z,12.73708333
humboldt,2016-11-20T11:52:30Z,13.03166667
humboldt,2016-11-21T11:52:30Z,13.45375
humboldt,2016-11-22T09:07:17Z,13.62777778
humboldt,2016-11-28T20:08:00Z,13.0475
humboldt,2016-11-29T11:52:30Z,12.62125
humboldt,2016-11-30T11:52:30Z,12.36541667
humboldt,2016-12-01T11:52:30Z,12.16375
humboldt,2016-12-02T11:52:30Z,11.59208333
humboldt,2016-12-03T11:52:30Z,11.40583333
humboldt,2016-12-04T11:52:30Z,11.35166667
humboldt,2016-12-05T11:52:30Z,11.22083333
humboldt,2016-12-06T11:52:30Z,10.83875
humboldt,2016-12-07T11:52:30Z,10.53625
humboldt,2016-12-08T11:52:30Z,10.43416667
humboldt,2016-12-09T11:52:30Z,10.87583333
humboldt,2016-12-10T11:52:30Z,11.1275
humboldt,2016-12-11T11:52:30Z,11.11541667
humboldt,2016-12-12T11:52:30Z,11.21208333
humboldt,2016-12-13T12:22:30Z,10.9575
humboldt,2016-12-14T11:52:30Z,11.16125
humboldt,2016-12-15T11:52:30Z,11.39125
humboldt,2016-12-16T11:52:30Z,11.25041667
humboldt,2016-12-17T11:52:30Z,10.75125
humboldt,2016-12-18T11:52:30Z,10.30458333
humboldt,2016-12-19T11:52:11Z,9.964166667
humboldt,2016-12-20T11:52:30Z,9.834166667
humboldt,2016-12-21T11:52:30Z,9.939583333
humboldt,2016-12-22T11:52:30Z,9.956666667
humboldt,2016-12-23T11:52:30Z,10.15791667
humboldt,2016-12-24T11:52:30Z,10.02083333
humboldt,2016-12-25T11:52:30Z,9.819166667
humboldt,2016-12-26T11:52:30Z,9.593333333
humboldt,2016-12-27T11:52:30Z,9.526666667
humboldt,2016-12-28T11:52:30Z,9.849166667
humboldt,2016-12-29T11:52:30Z,10.02583333
humboldt,2016-12-30T11:52:30Z,10.15
humboldt,2016-12-31T11:52:30Z,10.07208333
humboldt,2017-01-01T11:52:30Z,9.991666667
humboldt,2017-01-02T11:52:30Z,9.576666667
humboldt,2017-01-03T11:52:30Z,9.267083333
humboldt,2017-01-04T11:52:30Z,9.125
humboldt,2017-01-05T11:52:30Z,8.91375
humboldt,2017-01-06T11:52:30Z,8.725833333
humboldt,2017-01-07T11:52:30Z,8.952916667
humboldt,2017-01-08T11:52:30Z,9.375
humboldt,2017-01-09T11:52:30Z,9.9775
humboldt,2017-01-10T11:52:30Z,10.18416667
humboldt,2017-01-11T11:52:30Z,10.48125
humboldt,2017-01-12T11:52:30Z,10.47208333
humboldt,2017-01-13T11:52:30Z,10.31875
humboldt,2017-01-14T11:52:30Z,10.26333333
humboldt,2017-01-15T11:52:30Z,10.32875
humboldt,2017-01-16T11:52:30Z,10.27041667
humboldt,2017-01-17T11:52:30Z,10.22666667
humboldt,2017-01-18T11:52:30Z,10.26958333
humboldt,2017-01-19T11:52:30Z,10.27958333
humboldt,2017-01-20T11:52:30Z,10.16541667
humboldt,2017-01-21T11:52:30Z,10.04125
humboldt,2017-01-22T11:52:30Z,10.07666667
humboldt,2017-01-23T11:52:30Z,9.825416667
humboldt,2017-01-24T11:52:30Z,9.847916667
humboldt,2017-01-25T11:52:30Z,10.03333333
humboldt,2017-01-26T11:52:30Z,10.14708333
humboldt,2017-01-27T11:52:30Z,10.30708333
humboldt,2017-01-28T11:52:30Z,10.36958333
humboldt,2017-01-29T11:52:30Z,10.40833333
humboldt,2017-01-30T11:52:30Z,10.45416667
humboldt,2017-01-31T11:52:30Z,10.56833333
humboldt,2017-02-01T11:52:30Z,10.56125
humboldt,2017-02-02T11:52:30Z,10.61833333
humboldt,2017-02-03T11:52:30Z,10.94583333
humboldt,2017-02-04T11:52:30Z,11.08958333
humboldt,2017-02-05T11:52:30Z,11.21333333
humboldt,2017-02-06T11:52:30Z,11.28916667
humboldt,2017-02-07T11:52:30Z,11.32083333
humboldt,2017-02-08T11:52:30Z,11.5175
humboldt,2017-02-09T11:52:30Z,11.78416667
humboldt,2017-02-10T12:04:17Z,11.9528
humboldt,2017-02-11T11:52:30Z,11.75166667
humboldt,2017-02-12T11:52:30Z,11.56958333
humboldt,2017-02-13T11:52:30Z,11.51
humboldt,2017-02-14T11:52:30Z,11.47875
humboldt,2017-02-15T11:52:30Z,11.67708333
humboldt,2017-02-16T11:52:30Z,11.67458333
humboldt,2017-02-17T11:52:30Z,11.66041667
humboldt,2017-02-18T11:52:30Z,11.39208333
humboldt,2017-02-19T11:52:30Z,11.1275
humboldt,2017-02-20T11:52:30Z,11.12708333
humboldt,2017-02-21T11:52:30Z,11.21208333
humboldt,2017-02-22T11:52:30Z,11.15166667
humboldt,2017-02-23T11:52:30Z,10.95166667
humboldt,2017-02-24T11:52:11Z,11.09541667
humboldt,2017-02-25T11:52:30Z,10.97791667
humboldt,2017-02-26T11:52:30Z,10.94583333
humboldt,2017-02-27T11:52:30Z,10.59958333
humboldt,2017-02-28T11:52:30Z,10.525
humboldt,2017-03-01T11:52:30Z,10.68083333
humboldt,2017-03-02T11:52:30Z,10.82458333
humboldt,2017-03-03T11:52:30Z,10.81208333
humboldt,2017-03-04T11:52:30Z,10.80333333
humboldt,2017-03-05T11:52:30Z,10.49791667
humboldt,2017-03-06T11:52:30Z,10.115
humboldt,2017-03-07T11:52:30Z,10
humboldt,2017-03-08T11:52:30Z,10.21916667
humboldt,2017-03-09T11:34:14Z,10.61391304
humboldt,2017-03-10T11:52:30Z,10.94291667
humboldt,2017-03-11T11:52:30Z,11.29208333
humboldt,2017-03-12T11:52:30Z,11.7025
humboldt,2017-03-13T11:52:30Z,11.86916667
humboldt,2017-03-14T11:52:30Z,11.94791667
humboldt,2017-03-15T11:52:30Z,12.21541667
humboldt,2017-03-16T11:52:30Z,12.1
humboldt,2017-03-17T11:52:30Z,11.89541667
humboldt,2017-03-18T11:52:30Z,11.79375
humboldt,2017-03-19T11:52:30Z,11.94
humboldt,2017-03-20T11:52:30Z,12.05666667
humboldt,2017-03-21T11:52:30Z,12.10125
humboldt,2017-03-22T11:52:30Z,12.34208333
humboldt,2017-03-23T11:52:30Z,12.47916667
humboldt,2017-03-24T11:52:30Z,11.72291667
humboldt,2017-03-25T11:52:30Z,11.84125
humboldt,2017-03-26T11:52:30Z,11.83333333
humboldt,2017-03-27T11:52:30Z,11.84666667
humboldt,2017-03-28T11:52:30Z,12.07208333
humboldt,2017-03-29T11:52:30Z,12.1375
humboldt,2017-03-30T11:52:30Z,11.78541667
humboldt,2017-03-31T11:37:20Z,11.72
humboldt,2017-04-21T14:15:00Z,12.829
humboldt,2017-04-22T12:15:00Z,12.8125
humboldt,2017-04-23T12:15:00Z,12.78666667
humboldt,2017-04-24T13:13:16Z,12.67666667
humboldt,2017-04-25T11:52:30Z,12.80552083
humboldt,2017-04-26T11:52:30Z,12.60427083
humboldt,2017-04-27T11:52:30Z,12.4984375
humboldt,2017-04-28T11:52:30Z,12.18479167
humboldt,2017-04-29T11:52:30Z,12.00895833
humboldt,2017-04-30T11:52:30Z,12.0034375
humboldt,2017-05-01T11:52:30Z,12.0728125
humboldt,2017-05-02T11:52:30Z,12.14520833
humboldt,2017-05-03T11:52:30Z,12.24864583
humboldt,2017-05-04T11:52:30Z,12.35135417
humboldt,2017-05-05T11:52:30Z,12.29489583
humboldt,2017-05-06T11:52:30Z,12.16885417
humboldt,2017-05-07T11:52:30Z,11.59697917
humboldt,2017-05-08T11:52:30Z,10.62166667
humboldt,2017-05-09T11:52:30Z,10.43947917
humboldt,2017-05-10T11:52:30Z,10.634375
humboldt,2017-05-11T11:52:30Z,10.83322917
humboldt,2017-05-12T11:52:30Z,11.16760417
humboldt,2017-05-13T11:52:30Z,11.50802083
humboldt,2017-05-14T11:52:30Z,11.63770833
humboldt,2017-05-15T11:52:30Z,11.93958333
humboldt,2017-05-16T11:52:30Z,11.67
humboldt,2017-05-17T09:22:30Z,10.865
humboldt,2017-05-18T12:37:30Z,11.64355556
humboldt,2017-05-19T11:52:30Z,12.19479167
humboldt,2017-05-20T11:52:30Z,12.49947917
humboldt,2017-05-21T11:52:30Z,12.31916667
humboldt,2017-05-22T11:52:30Z,11.84104167
humboldt,2017-05-23T11:52:30Z,11.88
humboldt,2017-05-24T11:52:30Z,11.91427083
humboldt,2017-05-25T11:52:30Z,12.04864583
humboldt,2017-05-26T11:52:30Z,11.63833333
humboldt,2017-05-27T11:52:30Z,11.45135417
humboldt,2017-05-28T11:52:30Z,11.64541667
humboldt,2017-05-29T11:52:30Z,11.6575
humboldt,2017-05-30T11:52:30Z,11.609375
humboldt,2017-05-31T11:52:30Z,11.2796875
humboldt,2017-06-01T11:52:30Z,11.745
humboldt,2017-06-02T11:52:30Z,12.38510417
humboldt,2017-06-03T11:52:30Z,12.75416667
humboldt,2017-06-04T11:52:30Z,13.0915625
humboldt,2017-06-05T11:52:30Z,12.67604167
humboldt,2017-06-06T11:52:30Z,12.41135417
humboldt,2017-06-07T11:52:30Z,11.82760417
humboldt,2017-06-08T11:52:30Z,11.63822917
humboldt,2017-06-09T11:52:30Z,11.9128125
humboldt,2017-06-10T11:52:30Z,12.68489583
humboldt,2017-06-11T11:52:30Z,13.16760417
humboldt,2017-06-12T11:52:30Z,13.53072917
humboldt,2017-06-13T11:52:30Z,13.44625
humboldt,2017-06-14T11:52:30Z,13.47270833
humboldt,2017-06-15T11:52:30Z,13.224375
humboldt,2017-06-16T11:52:30Z,13.1459375
humboldt,2017-06-17T11:52:30Z,13.51260417
humboldt,2017-06-18T11:52:30Z,13.5959375
humboldt,2017-06-19T11:52:30Z,13.66916667
humboldt,2017-06-20T11:52:30Z,13.5825
humboldt,2017-06-21T11:52:30Z,13.34635417
humboldt,2017-06-22T11:52:30Z,13.393125
humboldt,2017-06-23T11:52:30Z,12.81989583
humboldt,2017-06-24T11:52:30Z,12.3315625
humboldt,2017-06-25T11:52:30Z,13.10875
humboldt,2017-06-26T11:52:30Z,13.3878125
humboldt,2017-06-27T11:52:30Z,13.22291667
humboldt,2017-06-28T11:52:30Z,12.97778947
humboldt,2017-06-29T11:52:30Z,13.00083333
humboldt,2017-06-30T11:52:30Z,13.26989583
humboldt,2017-07-01T11:52:30Z,13.239375
humboldt,2017-07-02T11:52:30Z,13.07010417
humboldt,2017-07-03T11:52:30Z,13.0809375
humboldt,2017-07-04T11:52:30Z,13.1203125
humboldt,2017-07-05T11:52:30Z,13.2471875
humboldt,2017-07-06T11:52:30Z,13.375
humboldt,2017-07-07T11:52:30Z,13.2065625
humboldt,2017-07-08T11:52:30Z,13.03072917
humboldt,2017-07-09T11:52:30Z,12.7459375
humboldt,2017-07-10T11:52:30Z,12.68364583
humboldt,2017-07-11T11:52:30Z,12.59135417
humboldt,2017-07-12T11:52:30Z,12.865625
humboldt,2017-07-13T11:52:30Z,13.13875
humboldt,2017-07-14T11:52:30Z,13.120625
humboldt,2017-07-15T11:52:30Z,12.97635417
humboldt,2017-07-16T11:52:30Z,13.3875
humboldt,2017-07-17T11:52:30Z,13.60104167
humboldt,2017-07-18T11:52:30Z,13.4346875
humboldt,2017-07-19T11:52:30Z,13.35708333
humboldt,2017-07-20T11:52:30Z,13.32427083
humboldt,2017-07-21T11:52:30Z,13.10875
humboldt,2017-07-22T11:52:30Z,13.05833333
humboldt,2017-07-23T11:52:30Z,12.86520833
humboldt,2017-07-24T11:52:30Z,12.70614583
humboldt,2017-07-25T11:52:30Z,12.60208333
humboldt,2017-07-26T11:52:30Z,12.8296875
humboldt,2017-07-27T11:52:30Z,12.5028125
humboldt,2017-07-28T11:52:30Z,12.57197917
humboldt,2017-07-29T11:52:30Z,12.67572917
humboldt,2017-07-30T11:52:30Z,13.15114583
humboldt,2017-07-31T11:52:30Z,13.43166667
humboldt,2017-08-01T11:52:30Z,14.02979167
humboldt,2017-08-02T11:52:30Z,14.2075
humboldt,2017-08-03T11:52:30Z,14.64125
humboldt,2017-08-04T11:52:30Z,14.55947917
humboldt,2017-08-05T11:52:30Z,14.70364583
humboldt,2017-08-06T11:52:30Z,14.4334375
humboldt,2017-08-07T11:52:30Z,14.02572917
humboldt,2017-08-08T11:52:30Z,13.9634375
humboldt,2017-08-09T11:52:30Z,14.10291667
humboldt,2017-08-10T11:52:30Z,13.33052083
humboldt,2017-08-11T11:52:30Z,13.619375
humboldt,2017-08-12T11:52:30Z,13.694375
humboldt,2017-08-13T11:52:30Z,13.7015625
humboldt,2017-08-14T11:52:30Z,13.80145833
humboldt,2017-08-15T11:52:30Z,13.93885417
humboldt,2017-08-16T11:52:30Z,13.71135417
humboldt,2017-08-17T11:52:30Z,13.67072917
humboldt,2017-08-18T11:52:30Z,13.838125
humboldt,2017-08-19T11:52:30Z,13.59177083
humboldt,2017-08-20T11:52:30Z,13.33666667
humboldt,2017-08-21T11:52:30Z,13.30677083
humboldt,2017-08-22T11:52:30Z,13.2090625
humboldt,2017-08-23T11:52:30Z,13.16729167
humboldt,2017-08-24T11:52:30Z,13.2184375
humboldt,2017-08-25T11:52:30Z,13.59864583
humboldt,2017-08-26T11:52:30Z,13.63875
humboldt,2017-08-27T11:52:30Z,13.6521875
humboldt,2017-08-28T11:52:30Z,14.10125
humboldt,2017-08-29T11:52:30Z,14.46864583
humboldt,2017-08-30T11:52:30Z,14.75552083
humboldt,2017-08-31T11:52:30Z,14.78895833
humboldt,2017-09-01T11:52:30Z,14.52364583
humboldt,2017-09-02T11:52:30Z,14.1575
humboldt,2017-09-03T11:52:30Z,14.02447917
humboldt,2017-09-04T11:52:30Z,14.0953125
humboldt,2017-09-05T11:52:30Z,13.88074468
humboldt,2017-09-06T11:52:30Z,14.51916667
humboldt,2017-09-07T11:52:30Z,14.45239583
humboldt,2017-09-08T11:52:30Z,14.14885417
humboldt,2017-09-09T11:52:30Z,14.29447917
humboldt,2017-09-10T11:52:30Z,14.248125
humboldt,2017-09-11T11:52:30Z,14.07302083
humboldt,2017-09-12T11:52:30Z,14.00760417
humboldt,2017-09-13T11:52:30Z,14.04625
humboldt,2017-09-14T11:52:30Z,14.0503125
humboldt,2017-09-15T11:52:30Z,14.004375
humboldt,2017-09-16T11:52:30Z,13.95270833
humboldt,2017-09-17T11:52:30Z,13.53239583
humboldt,2017-09-18T11:52:30Z,13.64989583
humboldt,2017-09-19T11:52:30Z,13.85895833
humboldt,2017-09-20T11:52:30Z,14.00114583
humboldt,2017-09-21T11:52:30Z,14.0290625
humboldt,2017-09-22T11:52:30Z,14.03541667
humboldt,2017-09-23T11:52:30Z,14.09489583
humboldt,2017-09-24T11:52:30Z,14.08479167
humboldt,2017-09-25T11:52:30Z,14.05947917
humboldt,2017-09-26T11:52:30Z,14.2315625
humboldt,2017-09-27T11:52:30Z,14.28739583
humboldt,2017-09-28T11:52:30Z,14.4190625
humboldt,2017-09-29T11:52:30Z,14.376875
humboldt,2017-09-30T11:52:30Z,14.37083333
humboldt,2017-10-01T11:52:30Z,14.1446875
humboldt,2017-10-02T11:52:30Z,13.62239583
humboldt,2017-10-03T11:52:30Z,12.66
humboldt,2017-10-04T11:52:30Z,12.11385417
humboldt,2017-10-05T11:52:30Z,11.92419355
humboldt,2017-10-06T11:52:30Z,11.34322917
humboldt,2017-10-07T11:52:30Z,11.2553125
humboldt,2017-10-08T11:52:30Z,11.965
humboldt,2017-10-09T11:52:30Z,11.3765625
humboldt,2017-10-10T11:52:30Z,10.81458333
humboldt,2017-10-11T11:52:30Z,11.00083333
humboldt,2017-10-12T11:52:30Z,11.17239583
humboldt,2017-10-13T11:52:30Z,11.33541667
humboldt,2017-10-14T11:52:30Z,11.3734375
humboldt,2017-10-15T11:52:30Z,11.00666667
humboldt,2017-10-16T11:52:30Z,10.99291667
humboldt,2017-10-17T11:52:30Z,11.16020833
humboldt,2017-10-18T11:52:30Z,11.12916667
humboldt,2017-10-19T11:52:30Z,11.03833333
humboldt,2017-10-20T11:52:30Z,11.08895833
humboldt,2017-10-21T11:52:30Z,11.19510417
humboldt,2017-10-22T11:52:30Z,11.33895833
humboldt,2017-10-23T11:52:30Z,11.6684375
humboldt,2017-10-24T11:52:30Z,11.765
humboldt,2017-10-25T11:52:30Z,11.88625
humboldt,2017-10-26T11:52:30Z,12.01864583
humboldt,2017-10-27T11:52:30Z,12.03645833
humboldt,2017-10-28T11:52:30Z,12.00854167
humboldt,2017-10-29T11:52:30Z,11.9309375
humboldt,2017-10-30T11:52:30Z,11.7684375
humboldt,2017-10-31T11:52:30Z,11.57104167
humboldt,2017-11-01T11:52:30Z,11.64302083
humboldt,2017-11-02T11:52:30Z,11.5378125
humboldt,2017-11-03T11:52:30Z,11.594375
humboldt,2017-11-04T11:52:30Z,11.41520833
humboldt,2017-11-05T11:52:30Z,11.28479167
humboldt,2017-11-06T11:52:30Z,11.19770833
humboldt,2017-11-07T11:52:30Z,11.20770833
humboldt,2017-11-08T11:52:30Z,11.18916667
humboldt,2017-11-09T11:52:30Z,11.3015625
humboldt,2017-11-10T11:52:30Z,11.63375
humboldt,2017-11-11T11:52:30Z,11.9671875
humboldt,2017-11-12T11:52:30Z,12.14666667
humboldt,2017-11-13T11:52:30Z,12.29635417
humboldt,2017-11-14T11:52:30Z,12.3159375
humboldt,2017-11-15T11:52:30Z,12.25583333
humboldt,2017-11-16T11:52:30Z,12.3165625
humboldt,2017-11-17T11:52:30Z,12.42
humboldt,2017-11-18T11:52:30Z,12.20614583
humboldt,2017-11-19T11:52:30Z,11.99760417
humboldt,2017-11-20T11:52:30Z,12.12621053
humboldt,2017-11-21T11:52:30Z,12.41395833
humboldt,2017-11-22T11:52:30Z,12.64375
humboldt,2017-11-23T11:52:30Z,12.93802083
humboldt,2017-11-24T11:52:30Z,13.18604167
humboldt,2017-11-25T11:52:30Z,13.20583333
humboldt,2017-11-26T11:52:30Z,13.2946875
humboldt,2017-11-27T11:52:30Z,13.22020833
humboldt,2017-11-28T11:52:30Z,12.96041667
humboldt,2017-11-29T11:52:30Z,12.64895833
humboldt,2017-11-30T11:52:30Z,12.42489583
humboldt,2017-12-01T11:52:30Z,12.0059375
humboldt,2017-12-02T11:52:30Z,11.72302083
humboldt,2017-12-03T11:52:30Z,11.5059375
humboldt,2017-12-04T11:52:30Z,11.4596875
humboldt,2017-12-05T11:52:30Z,11.19489583
humboldt,2017-12-06T11:52:30Z,11.08072917
humboldt,2017-12-07T11:52:30Z,10.9428125
humboldt,2017-12-08T11:52:30Z,10.85083333
humboldt,2017-12-09T11:52:30Z,10.73541667
humboldt,2017-12-10T11:52:30Z,10.59302083
humboldt,2017-12-11T11:52:30Z,10.52104167
humboldt,2017-12-12T11:52:30Z,10.38489583
humboldt,2017-12-13T11:52:30Z,10.34416667
humboldt,2017-12-14T11:52:30Z,10.54875
humboldt,2017-12-15T11:52:30Z,10.7484375
humboldt,2017-12-16T11:52:30Z,10.50604167
humboldt,2017-12-17T11:52:30Z,10.22197917
humboldt,2017-12-18T11:52:30Z,9.934166667
humboldt,2017-12-19T11:52:30Z,9.806458333
humboldt,2017-12-20T11:52:30Z,9.713854167
humboldt,2017-12-21T11:52:30Z,9.616875
humboldt,2017-12-22T11:52:30Z,9.536666667
humboldt,2017-12-23T11:52:30Z,9.47
humboldt,2017-12-24T11:52:30Z,9.47875
humboldt,2017-12-25T11:52:30Z,9.589479167
humboldt,2017-12-26T11:52:30Z,9.820625
humboldt,2017-12-27T11:52:30Z,10.00010417
humboldt,2017-12-28T11:52:30Z,10.25322917
humboldt,2017-12-29T11:52:30Z,10.3959375
humboldt,2017-12-30T11:52:30Z,10.76583333
humboldt,2017-12-31T11:52:30Z,11.10197917
humboldt,2018-01-01T11:52:30Z,11.1525
humboldt,2018-01-02T11:52:30Z,11.03854167
humboldt,2018-01-03T11:52:30Z,10.83958333
humboldt,2018-01-04T11:52:30Z,10.94322917
humboldt,2018-01-05T11:52:30Z,11.2
humboldt,2018-01-06T11:52:30Z,11.48833333
humboldt,2018-01-07T11:52:30Z,11.37135417
humboldt,2018-01-08T11:52:30Z,11.159375
humboldt,2018-01-09T08:37:30Z,11.21342857
humboldt,2018-01-11T20:22:30Z,11.18142857
humboldt,2018-01-12T11:52:30Z,11.18510417
humboldt,2018-01-13T11:52:30Z,11.2390625
humboldt,2018-01-14T11:52:30Z,11.24010417
humboldt,2018-01-15T11:52:30Z,11.32135417
humboldt,2018-01-16T11:59:01Z,11.54032609
humboldt,2018-01-17T11:59:01Z,11.66815217
humboldt,2018-01-18T11:52:30Z,11.91197917
humboldt,2018-01-19T11:52:30Z,11.86822917
humboldt,2018-01-20T11:52:30Z,11.6246875
humboldt,2018-01-21T11:52:30Z,11.48375
humboldt,2018-01-22T11:52:30Z,11.24166667
humboldt,2018-01-23T11:48:32Z,11.17022989
humboldt,2018-01-24T11:52:30Z,11.13979167
humboldt,2018-01-25T11:52:30Z,10.56333333
humboldt,2018-01-26T11:52:30Z,10.71375
humboldt,2018-01-27T11:52:30Z,10.633125
humboldt,2018-01-28T12:36:08Z,10.31147727
humboldt,2018-01-29T12:04:14Z,11.48271739
humboldt,2018-01-30T11:52:30Z,11.23625
humboldt,2018-01-31T11:52:30Z,11.50302083
humboldt,2018-02-01T11:27:57Z,11.4227907
humboldt,2018-02-02T11:52:30Z,11.23197917
humboldt,2018-02-03T11:52:30Z,11.30072917
humboldt,2018-02-04T12:08:51Z,11.29977273
humboldt,2018-02-05T11:45:58Z,11.38967391
humboldt,2018-02-06T11:45:58Z,11.32978261
humboldt,2018-02-07T11:52:30Z,11.2371875
humboldt,2018-02-08T11:52:30Z,11.1803125
humboldt,2018-02-09T11:52:30Z,11.21197917
humboldt,2018-02-10T12:22:30Z,11.04068182
humboldt,2018-02-11T11:52:30Z,10.87072917
humboldt,2018-02-12T11:52:30Z,10.62333333
humboldt,2018-02-13T11:52:30Z,10.18666667
humboldt,2018-02-14T11:52:30Z,10.09854167
humboldt,2018-02-15T11:52:30Z,9.906041667
humboldt,2018-02-16T11:52:30Z,9.894
humboldt,2018-02-17T12:00:00Z,9.842947368
humboldt,2018-02-18T11:52:30Z,9.953125
humboldt,2018-02-19T11:52:30Z,9.450416667
humboldt,2018-02-20T11:52:30Z,9.097604167
humboldt,2018-02-21T11:52:30Z,8.895833333
humboldt,2018-02-22T12:22:30Z,8.896428571
humboldt,2018-02-23T11:06:42Z,8.594210526
humboldt,2018-02-24T11:56:24Z,8.41076087
humboldt,2018-02-25T11:56:24Z,8.433804348
humboldt,2018-02-26T11:01:03Z,8.575882353
humboldt,2018-02-27T11:52:30Z,8.52375
humboldt,2018-02-28T11:52:30Z,8.481354167
humboldt,2018-03-01T11:52:30Z,8.436354167
humboldt,2018-03-02T12:09:27Z,8.321304348
humboldt,2018-03-03T13:19:20Z,8.159605263
humboldt,2018-03-04T11:52:30Z,8.331875
humboldt,2018-03-05T11:52:30Z,8.717708333
humboldt,2018-03-06T12:25:13Z,8.973068182
humboldt,2018-03-07T11:05:21Z,9.281547619
humboldt,2018-03-08T11:53:48Z,9.417391304
humboldt,2018-03-09T11:52:30Z,9.911145833
humboldt,2018-03-10T12:01:37Z,10.41032609
humboldt,2018-03-11T11:52:30Z,10.94291667
humboldt,2018-03-12T12:01:37Z,10.97336957
humboldt,2018-03-13T10:50:55Z,11.40526316
humboldt,2018-03-14T11:52:30Z,11.44416667
humboldt,2018-03-15T10:46:30Z,11.2035
humboldt,2018-03-16T11:41:35Z,10.74556818
humboldt,2018-03-17T12:50:28Z,10.61505882
humboldt,2018-03-18T11:38:51Z,10.76772727
humboldt,2018-03-19T11:41:35Z,10.85443182
humboldt,2018-03-20T11:48:35Z,11.12717391
humboldt,2018-03-21T11:52:30Z,11.08541667
humboldt,2018-03-22T12:33:29Z,11.19406977
humboldt,2018-03-23T11:52:30Z,11.23010417
humboldt,2018-03-24T12:52:30Z,10.608625
humboldt,2018-03-25T13:22:00Z,10.23466667
humboldt,2018-03-26T12:01:37Z,10.50065217
humboldt,2018-03-27T11:52:30Z,10.925
humboldt,2018-03-28T11:52:30Z,11.17635417
humboldt,2018-03-29T11:52:30Z,11.27791667
humboldt,2018-03-30T12:28:57Z,11.37172414
humboldt,2018-03-31T11:53:44Z,11.2521978
humboldt,2018-04-01T11:53:06Z,11.27425287
humboldt,2018-04-02T11:54:15Z,11.61705882
humboldt,2018-04-03T10:29:10Z,11.26728571
humboldt,2018-04-04T12:01:37Z,11.36282609
humboldt,2018-04-05T11:41:35Z,11.39943182
humboldt,2018-04-06T11:22:30Z,11.28467391
humboldt,2018-04-07T12:25:31Z,11.62022989
humboldt,2018-04-08T11:52:30Z,12.1696875
humboldt,2018-04-09T10:55:30Z,12.24475
humboldt,2018-04-10T10:15:50Z,12.45847222
humboldt,2018-04-11T12:49:30Z,12.24925
humboldt,2018-04-12T11:45:58Z,11.875
humboldt,2018-04-13T12:03:15Z,11.9353012
humboldt,2018-04-14T12:24:18Z,12.14202532
humboldt,2018-04-15T12:06:50Z,12.10271739
humboldt,2018-04-16T11:42:45Z,11.85908046
humboldt,2018-04-17T12:36:08Z,11.85545455
humboldt,2018-04-18T12:18:53Z,12.0762963
humboldt,2018-04-19T12:13:28Z,12.13561798
humboldt,2018-04-20T11:25:21Z,12.20654762
humboldt,2018-04-21T13:36:27Z,12.07873418
humboldt,2018-04-22T11:52:30Z,12.01791667
humboldt,2018-04-23T12:08:21Z,11.58367089
humboldt,2018-04-24T11:52:30Z,11.92479167
humboldt,2018-04-25T11:59:01Z,12.08228261
humboldt,2018-04-26T11:52:30Z,11.953125
humboldt,2018-04-27T10:13:01Z,12.05710526
humboldt,2018-04-28T12:22:30Z,11.8755
humboldt,2018-04-29T13:19:20Z,12.06578947
humboldt,2018-04-30T11:08:51Z,12.23522727
humboldt,2018-05-01T11:34:46Z,11.78977273
humboldt,2018-05-02T12:07:40Z,11.60060976
humboldt,2018-05-03T12:29:05Z,11.8546988
humboldt,2018-05-04T12:51:08Z,11.61443182
humboldt,2018-05-05T11:52:30Z,11.56822917
humboldt,2018-05-06T11:52:30Z,11.734375
humboldt,2018-05-07T11:27:43Z,12.25913043
humboldt,2018-05-08T11:52:30Z,12.6840625
humboldt,2018-05-09T11:52:30Z,13.01
humboldt,2018-05-10T11:52:30Z,13.270625
humboldt,2018-05-11T11:52:30Z,12.99447917
humboldt,2018-05-12T08:52:30Z,12.10805556
humboldt,2018-05-13T11:52:30Z,11.54364583
humboldt,2018-05-14T12:12:03Z,11.58271739
humboldt,2018-05-15T11:52:30Z,11.660625
humboldt,2018-05-16T11:53:44Z,11.67912088
humboldt,2018-05-17T11:52:30Z,11.68354167
humboldt,2018-05-18T11:52:30Z,11.5875
humboldt,2018-05-19T11:52:30Z,11.28333333
humboldt,2018-05-20T11:52:30Z,11.09197917
humboldt,2018-05-21T11:52:30Z,11.04166667
humboldt,2018-05-22T11:52:30Z,11.37989583
humboldt,2018-05-23T12:06:42Z,11.37342105
humboldt,2018-05-24T11:52:30Z,11.39333333
humboldt,2018-05-25T11:52:30Z,11.58385417
humboldt,2018-05-26T11:52:30Z,11.505625
humboldt,2018-05-27T12:09:27Z,11.81717391
humboldt,2018-05-28T11:52:30Z,12.110625
humboldt,2018-05-29T11:52:30Z,12.29645833
humboldt,2018-05-30T11:52:30Z,12.05770833
humboldt,2018-05-31T11:52:30Z,11.71833333
humboldt,2018-06-01T11:52:30Z,11.71114583
humboldt,2018-06-02T11:52:30Z,11.87447917
humboldt,2018-06-03T11:52:30Z,11.77729167
humboldt,2018-06-04T11:52:30Z,11.98760417
humboldt,2018-06-05T11:52:30Z,12.1915625
humboldt,2018-06-06T11:52:30Z,12.27726316
humboldt,2018-06-07T11:52:30Z,12.678125
humboldt,2018-06-08T11:52:30Z,12.83291667
humboldt,2018-06-09T11:41:32Z,13.36769231
humboldt,2018-06-10T11:52:30Z,12.9375
humboldt,2018-06-11T11:52:30Z,13.0959375
humboldt,2018-06-12T11:52:30Z,13.28041667
humboldt,2018-06-13T11:52:30Z,13.20739583
humboldt,2018-06-14T09:22:30Z,13.48631579
humboldt,2018-06-18T21:22:30Z,12.6675
humboldt,2018-06-19T11:52:30Z,12.10208333
humboldt,2018-06-20T12:09:27Z,12.22532609
humboldt,2018-06-21T11:52:30Z,12.37604167
humboldt,2018-06-22T11:52:30Z,12.71947917
humboldt,2018-06-23T11:52:30Z,12.8340625
humboldt,2018-06-24T11:52:30Z,12.66177083
humboldt,2018-06-25T11:52:30Z,12.58395833
humboldt,2018-06-26T11:52:30Z,12.45364583
humboldt,2018-06-27T11:52:30Z,12.74291667
humboldt,2018-06-28T11:52:30Z,12.82479167
humboldt,2018-06-29T10:22:30Z,13.06595238
humboldt,2018-07-02T21:52:30Z,11.40625
humboldt,2018-07-03T11:45:58Z,12.53663043
humboldt,2018-07-04T11:32:56Z,12.09228261
humboldt,2018-07-05T11:52:30Z,12.58520833
humboldt,2018-07-06T11:52:30Z,13.0246875
humboldt,2018-07-07T11:52:30Z,13.54875
humboldt,2018-07-08T11:52:25Z,13.36589474
humboldt,2018-07-09T11:52:30Z,12.99458333
humboldt,2018-07-10T12:22:30Z,12.8348913
humboldt,2018-07-11T11:52:30Z,13.22260417
humboldt,2018-07-12T11:52:30Z,13.31854167
humboldt,2018-07-13T11:52:30Z,13.63645833
humboldt,2018-07-14T11:52:30Z,13.7875
humboldt,2018-07-15T11:51:09Z,14.02421053
humboldt,2018-07-16T11:52:30Z,14.23770833
humboldt,2018-07-17T11:52:30Z,13.68541667
humboldt,2018-07-18T11:52:30Z,13.5615625
humboldt,2018-07-19T11:52:30Z,13.87020833
humboldt,2018-07-20T11:52:30Z,14.32020833
humboldt,2018-07-21T11:52:30Z,14.41739583
humboldt,2018-07-22T11:52:30Z,14.24572917
humboldt,2018-07-23T11:52:30Z,14.64208333
humboldt,2018-07-24T11:52:30Z,14.648125
humboldt,2018-07-25T11:52:30Z,14.87571429
humboldt,2018-07-26T10:52:23Z,12.861875
humboldt,2018-07-27T11:52:30Z,14.29052083
humboldt,2018-07-28T11:38:09Z,14.00673913
humboldt,2018-07-29T11:05:21Z,13.845
humboldt,2018-07-30T11:52:30Z,13.47510417
humboldt,2018-07-31T12:06:55Z,13.61571429
humboldt,2018-08-01T10:00:45Z,13.11696203
humboldt,2018-08-02T11:32:30Z,13.07152778
humboldt,2018-08-03T11:52:30Z,13.5196875
humboldt,2018-08-04T11:52:30Z,13.76635417
humboldt,2018-08-05T11:52:30Z,13.74114583
humboldt,2018-08-06T11:59:01Z,13.52956522
humboldt,2018-08-07T12:16:48Z,13.06296703
humboldt,2018-08-08T11:52:30Z,12.5859375
humboldt,2018-08-09T11:52:30Z,12.62489583
humboldt,2018-08-10T11:52:30Z,12.83010417
humboldt,2018-08-11T11:52:30Z,12.97552083
humboldt,2018-08-12T11:52:30Z,13.0859375
humboldt,2018-08-13T11:37:15Z,12.89868132
humboldt,2018-08-14T11:52:30Z,12.80885417
humboldt,2018-08-15T11:52:30Z,12.73072917
humboldt,2018-08-16T11:52:30Z,13.0553125
humboldt,2018-08-17T11:52:30Z,13.1096875
humboldt,2018-08-18T11:52:30Z,13.05145833
humboldt,2018-08-19T11:52:30Z,13.1625
humboldt,2018-08-20T11:52:30Z,13.1559375
humboldt,2018-08-21T11:52:30Z,13.01291667
humboldt,2018-08-22T11:52:30Z,13.07479167
humboldt,2018-08-23T11:52:30Z,13.28666667
humboldt,2018-08-24T11:52:30Z,13.2975
humboldt,2018-08-25T11:52:30Z,13.47510417
humboldt,2018-08-26T11:52:30Z,13.5434375
humboldt,2018-08-27T11:52:30Z,13.50947917
humboldt,2018-08-28T11:52:30Z,13.39375
humboldt,2018-08-29T11:52:30Z,14.00125
humboldt,2018-08-30T11:52:30Z,14.46020833
humboldt,2018-08-31T11:52:30Z,14.49638298
humboldt,2018-09-01T11:52:30Z,14.21290323
humboldt,2018-09-02T11:52:30Z,14.19032609
humboldt,2018-09-03T11:27:43Z,14.28846154
humboldt,2018-09-04T11:52:30Z,13.99957447
humboldt,2018-09-05T11:52:30Z,13.69451613
humboldt,2018-09-06T11:52:30Z,13.50815217
humboldt,2018-09-07T11:52:30Z,13.20315789
humboldt,2018-09-08T11:52:30Z,13.07204301
humboldt,2018-09-09T12:22:30Z,13.17906977
humboldt,2018-09-10T11:52:30Z,13.14858696
humboldt,2018-09-11T11:52:30Z,13.27086022
humboldt,2018-09-12T11:52:30Z,13.25258065
humboldt,2018-09-13T11:52:30Z,13.11557895
humboldt,2018-09-16T19:52:30Z,13.5108
humboldt,2018-09-17T12:09:27Z,13.76388235
humboldt,2018-09-18T11:52:30Z,13.69875
humboldt,2018-09-19T11:52:30Z,13.55208333
humboldt,2018-09-20T11:52:30Z,12.88089286
humboldt,2018-09-21T11:52:30Z,13.17520833
humboldt,2018-09-22T11:52:30Z,13.06875
humboldt,2018-09-23T12:09:27Z,13.26804348
humboldt,2018-09-24T11:52:30Z,12.8553125
humboldt,2018-09-25T11:52:30Z,12.7428125
humboldt,2018-09-26T05:22:30Z,12.80840909
humboldt,2018-10-08T21:52:30Z,12.755
humboldt,2018-10-09T11:52:30Z,12.75458333
humboldt,2018-10-10T11:52:30Z,12.42958333
humboldt,2018-10-11T11:52:30Z,11.98739583
humboldt,2018-10-12T11:52:30Z,11.89822917
humboldt,2018-10-13T11:52:30Z,11.98302083
humboldt,2018-10-14T11:52:30Z,12.12291667
humboldt,2018-10-15T11:52:30Z,12.1515625
humboldt,2018-10-16T11:52:30Z,11.98458333
humboldt,2018-10-17T11:52:30Z,11.93083333
humboldt,2018-10-18T12:10:13Z,11.86945055
humboldt,2018-10-19T11:52:30Z,11.80708333
humboldt,2018-10-20T11:52:30Z,11.63572917
humboldt,2018-10-21T11:52:30Z,11.5521875
humboldt,2018-10-22T11:52:30Z,11.608125
humboldt,2018-10-23T12:06:50Z,11.61402174
humboldt,2018-10-24T12:09:27Z,11.89380435
humboldt,2018-10-25T11:51:11Z,12.25597826
humboldt,2018-10-26T08:52:30Z,12.775
humboldt,2018-10-29T19:52:30Z,13.3978125
humboldt,2018-10-30T12:46:30Z,13.552625
humboldt,2018-10-31T11:52:30Z,13.28418605
humboldt,2018-11-01T12:02:30Z,13.17083333
humboldt,2018-11-02T11:52:30Z,13.10708333
humboldt,2018-11-03T11:52:30Z,13.00104167
humboldt,2018-11-04T11:52:30Z,12.68135417
humboldt,2018-11-05T12:09:27Z,12.6173913
humboldt,2018-11-06T11:52:30Z,12.23447917
humboldt,2018-11-07T07:52:30Z,12.04703125
humboldt,2018-11-08T11:49:10Z,11.32305556
humboldt,2018-11-09T11:52:30Z,11.00020833
humboldt,2018-11-10T11:52:30Z,10.84291667
humboldt,2018-11-11T11:52:30Z,10.77875
humboldt,2018-11-12T11:52:30Z,10.57979167
humboldt,2018-11-13T11:52:30Z,10.454375
humboldt,2018-11-14T11:52:30Z,10.2125
humboldt,2018-11-15T11:52:30Z,10.131875
humboldt,2018-11-16T11:52:30Z,10.15979167
humboldt,2018-11-17T12:09:27Z,10.1925
humboldt,2018-11-18T11:52:30Z,10.32270833
humboldt,2018-11-19T11:52:30Z,10.41354167
humboldt,2018-11-20T11:52:30Z,10.4265625
humboldt,2018-11-21T11:52:30Z,10.59947917
humboldt,2018-11-22T11:52:30Z,10.85885417
humboldt,2018-11-23T12:09:27Z,11.17847826
humboldt,2018-11-24T11:52:30Z,11.69135417
humboldt,2018-11-25T11:52:30Z,11.80947917
humboldt,2018-11-26T11:53:03Z,11.904
humboldt,2018-11-27T11:52:30Z,12.043125
humboldt,2018-11-28T11:52:30Z,12.241875
humboldt,2018-11-29T12:09:27Z,12.26032609
humboldt,2018-11-30T11:52:30Z,12.09885417
humboldt,2018-12-01T11:52:30Z,11.93947917
humboldt,2018-12-02T11:52:30Z,11.6665625
humboldt,2018-12-03T11:52:30Z,11.34510417
humboldt,2018-12-04T11:52:30Z,11.27020833
humboldt,2018-12-05T11:52:30Z,11.24916667
humboldt,2018-12-06T11:52:30Z,11.30802083
humboldt,2018-12-07T11:52:30Z,11.29864583
humboldt,2018-12-08T11:52:30Z,11.45729167
humboldt,2018-12-09T11:52:30Z,11.6840625
humboldt,2018-12-10T11:52:30Z,11.80802083
humboldt,2018-12-11T12:09:27Z,11.90293478
humboldt,2018-12-12T11:52:30Z,11.795
humboldt,2018-12-13T12:04:14Z,11.60304348
humboldt,2018-12-14T11:52:30Z,11.47333333
humboldt,2018-12-15T11:30:19Z,11.33630435
humboldt,2018-12-16T11:52:30Z,11.5046875
humboldt,2018-12-17T12:09:27Z,11.55913043
humboldt,2018-12-18T11:53:48Z,11.76782609
humboldt,2018-12-19T11:53:48Z,12.01855556
humboldt,2018-12-20T11:52:30Z,12.153125
humboldt,2018-12-21T11:52:30Z,12.070625
humboldt,2018-12-22T11:52:30Z,11.813125
humboldt,2018-12-23T11:52:30Z,11.66041667
humboldt,2018-12-24T11:52:30Z,11.801875
humboldt,2018-12-25T11:52:30Z,11.83395833
humboldt,2018-12-26T11:52:30Z,11.59447917
humboldt,2018-12-27T11:52:30Z,11.30927083
humboldt,2018-12-28T11:52:30Z,10.95864583
humboldt,2018-12-29T11:52:30Z,10.59822917
humboldt,2018-12-30T11:52:30Z,10.52395833
humboldt,2018-12-31T11:52:30Z,10.3740625
humboldt,2019-01-01T11:52:30Z,9.835416667
humboldt,2019-01-02T11:52:30Z,9.556354167
humboldt,2019-01-03T12:14:40Z,9.73173913
humboldt,2019-01-04T11:52:30Z,9.986458333
humboldt,2019-01-05T11:52:30Z,10.15354167
humboldt,2019-01-06T11:52:30Z,9.979583333
humboldt,2019-01-07T11:52:30Z,9.849895833
humboldt,2019-01-08T11:52:30Z,9.986875
humboldt,2019-01-09T11:52:30Z,10.541875
humboldt,2019-01-10T11:52:30Z,10.87666667
humboldt,2019-01-11T11:52:30Z,11.08729167
humboldt,2019-01-12T11:52:30Z,11.16989583
humboldt,2019-01-13T11:52:30Z,11.28270833
humboldt,2019-01-14T11:52:30Z,11.21510417
humboldt,2019-01-15T11:52:30Z,11.15114583
humboldt,2019-01-16T11:52:30Z,11.2253125
humboldt,2019-01-17T11:52:30Z,11.2953125
humboldt,2019-01-18T11:52:30Z,11.44052083
humboldt,2019-01-19T11:52:30Z,11.62583333
humboldt,2019-01-20T11:52:30Z,11.90416667
humboldt,2019-01-21T11:52:30Z,11.80322917
humboldt,2019-01-22T11:53:48Z,11.67945652
humboldt,2019-01-23T11:52:30Z,11.471875
humboldt,2019-01-24T11:52:30Z,11.47697917
humboldt,2019-01-25T11:52:30Z,11.56083333
humboldt,2019-01-26T11:50:41Z,11.50505263
humboldt,2019-01-27T11:52:30Z,11.41864583
humboldt,2019-01-28T11:52:30Z,11.42645833
humboldt,2019-01-29T11:52:30Z,11.4753125
humboldt,2019-01-30T11:52:30Z,11.53479167
humboldt,2019-01-31T13:29:36Z,11.54747826
humboldt,2019-02-01T11:57:38Z,11.62869792
humboldt,2019-02-02T11:57:38Z,11.63140625
humboldt,2019-02-03T11:57:38Z,11.69583333
humboldt,2019-02-04T11:57:39Z,11.44932292
humboldt,2019-02-05T11:43:04Z,11.01558511
humboldt,2019-02-06T12:18:00Z,11.0279
humboldt,2019-02-07T12:20:24Z,10.8675
humboldt,2019-02-08T10:10:13Z,10.77792208
humboldt,2019-02-09T12:05:37Z,10.61083333
humboldt,2019-02-10T12:05:37Z,9.928958333
humboldt,2019-02-11T13:50:59Z,9.7285
humboldt,2019-02-12T10:33:18Z,9.770242424
humboldt,2019-02-13T11:52:30Z,9.730833333
humboldt,2019-02-14T11:52:30Z,10.130625
humboldt,2019-02-15T11:52:30Z,9.9696875
humboldt,2019-02-16T11:52:30Z,9.978958333
humboldt,2019-02-17T11:52:30Z,10.10614583
humboldt,2019-02-18T11:52:30Z,10.24260417
humboldt,2019-02-19T11:52:30Z,10.32875
humboldt,2019-02-20T11:52:30Z,10.51260417
humboldt,2019-02-21T11:52:30Z,10.545625
humboldt,2019-02-22T11:52:30Z,10.44270833
humboldt,2019-02-23T11:52:30Z,10.4025
humboldt,2019-02-24T11:52:30Z,10.28708333
humboldt,2019-02-25T11:52:30Z,10.17041667
humboldt,2019-02-26T11:52:30Z,9.875729167
humboldt,2019-02-27T11:52:30Z,9.554166667
humboldt,2019-02-28T11:52:30Z,9.313541667
humboldt,2019-03-01T11:52:30Z,9.563958333
humboldt,2019-03-02T11:52:30Z,10.0209375
humboldt,2019-03-03T11:52:30Z,10.569375
humboldt,2019-03-04T11:52:30Z,10.92322917
humboldt,2019-03-05T11:52:30Z,10.8784375
humboldt,2019-03-06T11:52:30Z,10.6990625
humboldt,2019-03-07T11:52:30Z,10.63180851
humboldt,2019-03-08T11:52:30Z,10.71309524
humboldt,2019-03-09T11:52:30Z,10.7374359
humboldt,2019-03-10T11:52:30Z,10.60410256
humboldt,2019-03-11T11:52:30Z,10.84863636
humboldt,2019-03-12T11:52:30Z,11.14173913
humboldt,2019-03-13T11:52:30Z,10.95957447
humboldt,2019-03-14T11:52:30Z,10.78851852
humboldt,2019-03-15T11:52:30Z,11.58823529
humboldt,2019-03-16T11:52:30Z,11.17020833
humboldt,2019-03-17T11:52:30Z,11.306875
humboldt,2019-03-18T11:52:30Z,11.303125
humboldt,2019-03-19T11:52:30Z,11.39302083
humboldt,2019-03-20T17:11:35Z,11.46113636
humboldt,2019-03-21T11:52:30Z,11.54427083
humboldt,2019-03-22T11:52:30Z,11.78614583
humboldt,2019-03-23T11:52:30Z,11.616875
humboldt,2019-03-24T11:52:30Z,11.723125
humboldt,2019-03-25T11:52:30Z,11.68010417
humboldt,2019-03-26T11:52:30Z,11.49145833
humboldt,2019-03-27T11:52:30Z,11.58177083
humboldt,2019-03-28T11:52:30Z,11.665
humboldt,2019-03-29T11:52:30Z,11.8821875
humboldt,2019-03-30T11:52:30Z,12.07380435
humboldt,2019-03-31T11:52:30Z,12.284375
humboldt,2019-04-01T11:52:30Z,12.38626506
humboldt,2019-04-02T11:52:30Z,12.45466667
humboldt,2019-04-03T11:52:30Z,12.47103896
humboldt,2019-04-04T11:52:30Z,12.569875
humboldt,2019-04-05T11:52:30Z,12.67611765
humboldt,2019-04-06T11:52:30Z,12.897375
humboldt,2019-04-07T11:52:30Z,12.81771084
humboldt,2019-04-08T11:52:30Z,13.06244681
humboldt,2019-04-09T11:52:30Z,13.06795699
humboldt,2019-04-10T11:52:30Z,12.97276596
humboldt,2019-04-11T11:52:30Z,12.71652632
humboldt,2019-04-12T11:52:30Z,12.42445652
humboldt,2019-04-13T11:52:30Z,12.39958333
humboldt,2019-04-14T11:52:30Z,12.2684375
humboldt,2019-04-15T11:52:30Z,11.84895833
humboldt,2019-04-16T11:52:30Z,11.91125
humboldt,2019-04-17T11:52:30Z,12.55635417
humboldt,2019-04-18T11:52:30Z,12.59552083
humboldt,2019-04-19T11:52:30Z,12.976875
humboldt,2019-04-20T11:52:30Z,12.576875
humboldt,2019-04-21T11:52:30Z,11.67927083
humboldt,2019-04-22T11:52:30Z,11.593125
humboldt,2019-04-23T11:52:30Z,11.6959375
humboldt,2019-04-24T11:52:30Z,12.08479167
humboldt,2019-04-25T12:22:30Z,12.0451087
humboldt,2019-04-26T11:52:30Z,12.14177083
humboldt,2019-04-27T11:52:30Z,12.22447917
humboldt,2019-04-28T11:52:30Z,12.1746875
humboldt,2019-04-29T11:52:30Z,11.91489583
humboldt,2019-04-30T11:52:30Z,11.8790625
humboldt,2019-05-01T13:21:15Z,11.89367089
humboldt,2019-05-02T11:52:30Z,11.5328125
humboldt,2019-05-03T11:52:30Z,11.27291667
humboldt,2019-05-04T11:52:30Z,11.19302083
humboldt,2019-05-05T11:52:30Z,11.1015625
humboldt,2019-05-06T11:43:30Z,11.109
humboldt,2019-05-07T11:52:30Z,11.23645833
humboldt,2019-05-08T11:52:30Z,11.28135417
humboldt,2019-05-09T11:52:30Z,11.57583333
humboldt,2019-05-10T11:52:30Z,11.7396875
humboldt,2019-05-11T11:52:30Z,12.16927083
humboldt,2019-05-12T11:52:30Z,12.28291667
humboldt,2019-05-13T11:52:30Z,12.19302083
humboldt,2019-05-14T11:52:30Z,12.288125
humboldt,2019-05-15T11:52:30Z,12.37484211
humboldt,2019-05-16T11:52:30Z,12.12854167
humboldt,2019-05-17T11:52:30Z,12.14989583
humboldt,2019-05-18T11:52:30Z,12.114375
humboldt,2019-05-19T11:52:30Z,11.80541667
humboldt,2019-05-20T11:52:30Z,12.41072917
humboldt,2019-05-21T11:52:30Z,12.47791667
humboldt,2019-05-22T11:52:30Z,12.52864583
humboldt,2019-05-23T11:52:30Z,12.83697917
humboldt,2019-05-24T11:52:30Z,12.83583333
humboldt,2019-05-25T11:52:30Z,12.84822917
humboldt,2019-05-26T11:52:30Z,12.56604167
humboldt,2019-05-27T11:52:30Z,12.49239583
humboldt,2019-05-28T11:52:30Z,12.17104167
humboldt,2019-05-29T11:52:30Z,12.13239583
humboldt,2019-05-30T11:52:30Z,12.12270833
humboldt,2019-05-31T11:52:30Z,12.0565625
humboldt,2019-06-01T13:21:15Z,12.07544304
humboldt,2019-06-02T11:52:30Z,11.72427083
humboldt,2019-06-03T11:52:30Z,11.61916667
humboldt,2019-06-04T11:52:30Z,11.664375
humboldt,2019-06-05T11:52:30Z,11.90447917
humboldt,2019-06-06T11:49:25Z,11.78663158
humboldt,2019-06-07T11:52:30Z,11.90697917
humboldt,2019-06-08T11:52:30Z,11.92604167
humboldt,2019-06-09T11:52:30Z,11.73208333
humboldt,2019-06-10T11:52:30Z,11.73927083
humboldt,2019-06-11T11:52:30Z,11.88041667
humboldt,2019-06-12T11:52:30Z,12.11447917
humboldt,2019-06-13T11:52:30Z,12.31520833
humboldt,2019-06-14T11:52:30Z,11.675
humboldt,2019-06-15T11:52:30Z,11.52291667
humboldt,2019-06-16T11:52:30Z,11.30625
humboldt,2019-06-17T11:52:30Z,11.31
humboldt,2019-06-18T11:52:30Z,12.05765957
humboldt,2019-06-19T11:52:30Z,12.21052083
humboldt,2019-06-20T11:52:30Z,11.77885417
humboldt,2019-06-21T11:52:30Z,11.7396875
humboldt,2019-06-22T12:19:53Z,11.73032609
humboldt,2019-06-23T11:52:30Z,11.806875
humboldt,2019-06-24T11:52:30Z,12.13385417
humboldt,2019-06-25T11:52:30Z,12.2809375
humboldt,2019-06-26T00:52:30Z,10.64875
humboldt,2019-06-29T15:59:25Z,13.18038462
humboldt,2019-06-30T12:25:13Z,13.03511364
humboldt,2019-07-01T13:21:15Z,13.29392405
humboldt,2019-07-02T19:22:30Z,12.84194444
humboldt,2019-07-03T11:52:30Z,12.97927083
humboldt,2019-07-04T11:52:30Z,13.01489583
humboldt,2019-07-05T11:52:30Z,12.85958333
humboldt,2019-07-06T11:52:30Z,12.71083333
humboldt,2019-07-07T11:52:30Z,12.46104167
humboldt,2019-07-08T11:52:30Z,12.591875
humboldt,2019-07-09T11:52:30Z,12.72541667
humboldt,2019-07-10T11:52:30Z,13.21177083
humboldt,2019-07-11T11:52:30Z,13.99375
humboldt,2019-07-12T11:52:30Z,13.52458333
humboldt,2019-07-13T11:52:30Z,13.2165625
humboldt,2019-07-14T11:52:30Z,13.23791667
humboldt,2019-07-15T11:52:30Z,13.37291667
humboldt,2019-07-16T11:52:30Z,13.42020833
humboldt,2019-07-17T11:52:30Z,13.30052083
humboldt,2019-07-18T11:52:30Z,13.4871875
humboldt,2019-07-19T11:52:30Z,13.29052083
humboldt,2019-07-20T11:08:30Z,13.27433333
humboldt,2019-07-21T11:52:30Z,13.2759375
humboldt,2019-07-22T09:22:30Z,13.69736842
humboldt,2019-07-24T21:22:30Z,14.9795
humboldt,2019-07-25T11:52:30Z,14.67177083
humboldt,2019-07-26T11:52:30Z,14.89041667
humboldt,2019-07-27T11:52:30Z,14.60104167
humboldt,2019-07-28T11:52:30Z,13.73458333
humboldt,2019-07-29T11:52:30Z,13.5356383
humboldt,2019-07-30T11:52:30Z,13.31270833
humboldt,2019-07-31T11:52:30Z,12.97510417
humboldt,2019-08-01T13:21:15Z,13.37708861
humboldt,2019-08-02T11:52:30Z,13.1240625
humboldt,2019-08-03T11:52:30Z,13.10229167
humboldt,2019-08-04T11:52:30Z,13.10145833
humboldt,2019-08-05T11:52:30Z,12.94104167
humboldt,2019-08-06T11:52:30Z,13.2515625
humboldt,2019-08-07T11:52:30Z,13.32927083
humboldt,2019-08-08T11:52:30Z,13.51291667
humboldt,2019-08-09T11:52:30Z,13.67041667
humboldt,2019-08-10T11:52:30Z,13.89770833
humboldt,2019-08-11T11:52:30Z,14.28822917
humboldt,2019-08-12T11:52:30Z,14.370625
humboldt,2019-08-13T12:02:54Z,14.49365591
humboldt,2019-08-14T12:25:13Z,14.70079545
humboldt,2019-08-15T12:02:54Z,14.55215054
humboldt,2019-08-16T11:52:30Z,14.65927083
humboldt,2019-08-17T11:52:30Z,14.30260417
humboldt,2019-08-18T11:52:30Z,14.01125
humboldt,2019-08-19T12:13:30Z,13.76230769
humboldt,2019-08-20T11:52:30Z,14.05010417
humboldt,2019-08-21T11:52:30Z,14.1990625
humboldt,2019-08-22T11:52:30Z,14.53166667
humboldt,2019-08-23T12:13:30Z,14.71868132
humboldt,2019-08-24T11:52:30Z,15.18302083
humboldt,2019-08-25T11:49:49Z,14.82735632
humboldt,2019-08-26T12:14:40Z,14.38184783
humboldt,2019-08-27T11:52:30Z,14.228125
humboldt,2019-08-28T04:22:30Z,14.01222222