book_id,borrower_id,barcode,loan_date,due_date
1705,129,31175027369928,2019-05-15T00:00:00Z,2024-06-30T00:00:00Z
4542,353,8696156,2019-01-17T00:00:00Z,2022-06-30T00:00:00Z
2958,585,31175017437867,2022-04-06T00:00:00Z,2024-06-30T00:00:00Z
575,465,31175011913103,2020-02-16T00:00:00Z,2024-06-30T00:00:00Z
1493,425,31175005987279,2022-11-07T00:00:00Z,2024-06-30T00:00:00Z
539,522,31175011628495,2019-02-20T00:00:00Z,2024-06-30T00:00:00Z
4374,224,31175037375642,2019-05-03T00:00:00Z,2024-06-30T00:00:00Z
4234,457,31175036575390,2018-09-18T00:00:00Z,2024-06-30T00:00:00Z
3745,488,31175034510290,2021-06-08T00:00:00Z,2024-06-30T00:00:00Z
5226,4,31130002931432,2020-10-02T00:00:00Z,2023-06-30T00:00:00Z
4866,351,9164738,2022-06-03T00:00:00Z,2024-06-30T00:00:00Z
2378,474,31175033732648,2020-01-07T00:00:00Z,2023-06-30T00:00:00Z
841,588,31175022590684,2022-06-29T00:00:00Z,2024-06-30T00:00:00Z
2689,616,31175025269484,2021-08-23T00:00:00Z,2024-06-30T00:00:00Z
3119,524,31175027791337,2019-03-29T00:00:00Z,2024-06-30T00:00:00Z
408,440,31175034182637,2022-03-28T00:00:00Z,2024-06-30T00:00:00Z
1142,424,31175032710272,2021-10-05T00:00:00Z,2024-06-30T00:00:00Z
1239,402,31175018950744,2021-08-11T00:00:00Z,2024-06-30T00:00:00Z
4086,77,31175029666990,2022-05-07T00:00:00Z,2024-06-30T00:00:00Z
3397,536,31175035021529,2022-11-28T00:00:00Z,2024-06-30T00:00:00Z
1922,206,31175034097561,2022-06-24T00:00:00Z,2024-06-30T00:00:00Z
1586,239,31175026238975,2019-04-02T00:00:00Z,2024-06-30T00:00:00Z
751,569,31175003943019,2020-02-07T00:00:00Z,2024-06-30T00:00:00Z
76,374,31175021082014,2019-07-03T00:00:00Z,2024-06-30T00:00:00Z
1025,419,31175036253691,2021-04-21T00:00:00Z,2024-06-30T00:00:00Z
4201,260,31175036567397,2022-09-19T00:00:00Z,2024-06-30T00:00:00Z
5342,202,31130002565594,2019-12-10T00:00:00Z,2024-06-11T00:00:00Z
3853,20,31175028527177,2022-04-15T00:00:00Z,2024-06-30T00:00:00Z
4233,519,31175036560491,2021-11-22T00:00:00Z,2024-06-30T00:00:00Z
1,170,31175016720354,2021-12-03T00:00:00Z,2024-06-30T00:00:00Z
678,197,31175031838074,2022-09-16T00:00:00Z,2024-06-30T00:00:00Z
815,96,31175027318792,2022-09-30T00:00:00Z,2023-09-19T00:00:00Z
1702,519,31175003986539,2020-01-06T00:00:00Z,2024-06-30T00:00:00Z
216,503,31175017997050,2022-06-21T00:00:00Z,2022-07-19T00:00:00Z
4578,212,31175037223743,2022-04-13T00:00:00Z,2024-06-30T00:00:00Z
1579,569,31175036281593,2022-05-10T00:00:00Z,2024-06-30T00:00:00Z
2624,381,31175022598133,2019-05-07T00:00:00Z,2024-06-30T00:00:00Z
294,491,31175029003491,2020-10-02T00:00:00Z,2024-06-30T00:00:00Z
564,666,31175022137726,2022-11-20T00:00:00Z,2024-06-30T00:00:00Z
961,500,31175032080775,2021-10-08T00:00:00Z,2024-06-30T00:00:00Z
1903,501,31175025900443,2020-01-31T00:00:00Z,2024-06-30T00:00:00Z
161,355,31175030061769,2022-03-16T00:00:00Z,2024-06-30T00:00:00Z
2816,598,31175032935788,2019-03-15T00:00:00Z,2024-06-30T00:00:00Z
3931,372,31175013379410,2020-01-15T00:00:00Z,2024-06-30T00:00:00Z
4559,277,31175037184135,2022-11-03T00:00:00Z,2024-06-30T00:00:00Z
2256,255,31175020454891,2019-01-07T00:00:00Z,2024-06-30T00:00:00Z
960,26,31175032187935,2022-04-16T00:00:00Z,2024-06-30T00:00:00Z
540,520,31175012992072,2022-05-11T00:00:00Z,2024-06-30T00:00:00Z
3101,170,31175020325844,2022-02-23T00:00:00Z,2024-06-30T00:00:00Z
1060,449,31175030280617,2019-10-29T00:00:00Z,2024-06-30T00:00:00Z
5463,318,31130003951074,2022-11-09T00:00:00Z,2024-06-11T00:00:00Z
1646,425,31175025016554,2022-03-01T00:00:00Z,2024-06-30T00:00:00Z
1216,501,31175034688534,2020-01-31T00:00:00Z,2024-06-30T00:00:00Z
4612,131,31175036842824,2020-03-19T00:00:00Z,2024-06-30T00:00:00Z
2605,369,31175013951374,2022-12-06T00:00:00Z,2024-06-30T00:00:00Z
5139,31,31130003157235,2021-07-27T00:00:00Z,2022-06-02T00:00:00Z
2498,308,31175025952154,2022-04-21T00:00:00Z,2024-06-30T00:00:00Z
1878,146,31175021390755,2018-08-26T00:00:00Z,2024-06-30T00:00:00Z
1203,217,31175017430474,2022-06-02T00:00:00Z,2024-06-30T00:00:00Z
3251,316,31175002438920,2021-10-07T00:00:00Z,2024-06-30T00:00:00Z
1836,3,31175018415797,2022-04-26T00:00:00Z,2024-06-30T00:00:00Z
4332,365,31175036982141,2020-01-08T00:00:00Z,2024-06-30T00:00:00Z
2359,19,31175035573545,2021-02-25T00:00:00Z,2024-06-30T00:00:00Z
4549,470,21175003400376,2019-01-17T00:00:00Z,2024-06-30T00:00:00Z
3344,381,31175034510373,2020-09-08T00:00:00Z,2024-06-30T00:00:00Z
1823,561,31175036042490,2020-02-19T00:00:00Z,2020-02-19T00:00:00Z
1796,682,31175017264436,2019-06-17T00:00:00Z,2024-06-30T00:00:00Z
1625,249,31175002438649,2019-02-05T00:00:00Z,2024-06-30T00:00:00Z
1075,72,31175017369433,2022-10-06T00:00:00Z,2024-06-30T00:00:00Z
3685,463,31175036668112,2019-05-21T00:00:00Z,2024-06-30T00:00:00Z
1463,170,31175014548179,2019-11-01T00:00:00Z,2024-06-30T00:00:00Z
755,536,31175032156716,2022-07-12T00:00:00Z,2024-06-30T00:00:00Z
293,463,31175023891081,2021-04-20T00:00:00Z,2024-06-30T00:00:00Z
636,465,31175026993595,2019-09-08T00:00:00Z,2024-06-30T00:00:00Z
5596,424,31175038510106,2022-07-21T00:00:00Z,2024-06-30T00:00:00Z
647,265,31175036213588,2019-09-12T00:00:00Z,2024-06-30T00:00:00Z
2158,616,31175034432917,2018-07-25T00:00:00Z,2024-06-30T00:00:00Z
881,365,31175034259344,2020-01-08T00:00:00Z,2024-06-30T00:00:00Z
1088,571,31175027955486,2021-09-24T00:00:00Z,2024-06-30T00:00:00Z
1092,713,31175026691736,2022-10-05T00:00:00Z,2024-06-30T00:00:00Z
3737,520,31175010523176,2021-11-04T00:00:00Z,2024-06-30T00:00:00Z
3882,425,31175002170044,2022-09-12T00:00:00Z,2024-06-30T00:00:00Z
568,381,31175005172732,2019-09-12T00:00:00Z,2024-06-30T00:00:00Z
2848,381,31175023719977,2019-08-28T00:00:00Z,2024-06-30T00:00:00Z
4448,142,31175037115550,2022-04-06T00:00:00Z,2024-06-30T00:00:00Z
451,235,31175003570515,2021-07-28T00:00:00Z,2024-06-30T00:00:00Z
4776,546,31175037759639,2021-12-16T00:00:00Z,2024-06-30T00:00:00Z
563,196,31175034604309,2019-01-03T00:00:00Z,2024-06-30T00:00:00Z
3211,524,31175023862611,2020-08-24T00:00:00Z,2024-06-30T00:00:00Z
1706,369,31175034303563,2020-02-27T00:00:00Z,2024-06-30T00:00:00Z
1771,449,31175036249962,2019-01-08T00:00:00Z,2024-06-30T00:00:00Z
5026,384,31175038643303,2021-09-13T00:00:00Z,2024-06-30T00:00:00Z
1054,212,31175033476154,2021-06-16T00:00:00Z,2024-06-30T00:00:00Z
4396,616,31175037013292,2018-10-09T00:00:00Z,2024-06-30T00:00:00Z
2105,317,31175032698691,2021-11-01T00:00:00Z,2024-06-30T00:00:00Z
4173,381,31175036058439,2021-03-18T00:00:00Z,2024-06-30T00:00:00Z
970,545,31175011929562,2022-08-22T00:00:00Z,2024-06-30T00:00:00Z
5539,364,31175038400753,2022-03-14T00:00:00Z,2024-06-30T00:00:00Z
4178,419,31175036074345,2020-01-15T00:00:00Z,2024-06-30T00:00:00Z
326,217,31175017899405,2019-10-30T00:00:00Z,2024-06-30T00:00:00Z
1673,299,31175036441569,2019-09-18T00:00:00Z,2024-06-30T00:00:00Z
2187,666,31175012747401,2022-05-28T00:00:00Z,2024-06-30T00:00:00Z
5349,566,31130000761500,2018-09-13T00:00:00Z,2024-06-11T00:00:00Z
107,434,31175021563963,2019-11-09T00:00:00Z,2024-06-30T00:00:00Z
1204,559,31175034563612,2022-11-15T00:00:00Z,2024-06-30T00:00:00Z
3406,519,31175012831981,2022-02-16T00:00:00Z,2024-06-30T00:00:00Z
3904,355,31175035704686,2022-03-16T00:00:00Z,2024-06-30T00:00:00Z
4973,448,31175038595610,2022-08-15T00:00:00Z,2024-06-30T00:00:00Z
5022,206,31175038635747,2021-05-05T00:00:00Z,2024-06-30T00:00:00Z
269,449,31175027348781,2019-08-20T00:00:00Z,2024-06-30T00:00:00Z
2648,440,31175033615660,2021-10-01T00:00:00Z,2024-06-30T00:00:00Z
5093,36,31130004038681,2020-01-29T00:00:00Z,2021-12-20T00:00:00Z
2139,457,31175034393242,2018-09-24T00:00:00Z,2024-06-30T00:00:00Z
1582,449,31175033020200,2019-08-20T00:00:00Z,2024-06-30T00:00:00Z
3139,197,31175031678173,2021-08-06T00:00:00Z,2024-06-30T00:00:00Z
3385,381,31175034735558,2019-05-23T00:00:00Z,2024-06-30T00:00:00Z
2506,523,31175014150778,2019-12-18T00:00:00Z,2024-06-30T00:00:00Z
3920,68,31175028391343,2022-04-05T00:00:00Z,2024-06-30T00:00:00Z
3419,206,31175031561825,2022-07-18T00:00:00Z,2024-06-30T00:00:00Z
4259,585,31175036058991,2022-09-26T00:00:00Z,2024-06-30T00:00:00Z
1698,556,31175000694417,2021-11-30T00:00:00Z,2024-01-22T00:00:00Z
495,92,31175002690900,2022-10-07T00:00:00Z,2024-01-22T00:00:00Z
574,500,31175030390457,2021-10-08T00:00:00Z,2024-06-30T00:00:00Z
478,556,31175009814271,2022-12-05T00:00:00Z,2024-01-22T00:00:00Z
4268,410,31175036926387,2018-08-15T00:00:00Z,2024-06-30T00:00:00Z
2419,391,31175032881461,2020-01-17T00:00:00Z,2024-01-22T00:00:00Z
3472,381,31175034158975,2021-12-08T00:00:00Z,2024-06-30T00:00:00Z
3314,666,31175013297174,2021-12-14T00:00:00Z,2024-06-30T00:00:00Z
2056,464,31175033909170,2019-07-28T00:00:00Z,2024-06-30T00:00:00Z
4344,561,31175037573691,2020-02-19T00:00:00Z,2020-02-19T00:00:00Z
1091,105,31175028378092,2022-10-12T00:00:00Z,2024-06-30T00:00:00Z
2910,321,31175036310145,2021-11-16T00:00:00Z,2024-06-30T00:00:00Z
1502,669,31175035275836,2022-09-15T00:00:00Z,2024-06-30T00:00:00Z
3446,217,31175019816878,2021-09-17T00:00:00Z,2024-06-30T00:00:00Z
2925,365,31175027645269,2020-01-08T00:00:00Z,2024-06-30T00:00:00Z
5348,566,31130003721436,2018-09-13T00:00:00Z,2024-06-11T00:00:00Z
3872,207,31175028497801,2022-03-25T00:00:00Z,2024-06-30T00:00:00Z
4558,189,31175037184572,2019-11-07T00:00:00Z,2024-06-30T00:00:00Z
3570,619,31175000760374,2022-10-31T00:00:00Z,2024-06-30T00:00:00Z
5007,206,31175038624618,2022-05-18T00:00:00Z,2024-06-30T00:00:00Z
1539,249,31175033949952,2019-07-16T00:00:00Z,2024-06-30T00:00:00Z
1896,20,31175026062185,2022-02-04T00:00:00Z,2024-06-30T00:00:00Z
3978,569,31175015552352,2022-10-06T00:00:00Z,2024-06-30T00:00:00Z
3172,317,31175015540548,2022-01-31T00:00:00Z,2024-06-30T00:00:00Z
1567,277,31175011766287,2022-04-29T00:00:00Z,2024-06-30T00:00:00Z
3278,510,31175033297246,2019-09-29T00:00:00Z,2024-06-30T00:00:00Z
994,449,31175005018604,2019-10-29T00:00:00Z,2024-06-30T00:00:00Z
224,249,31175013238855,2019-06-26T00:00:00Z,2024-06-30T00:00:00Z
4260,450,31175036610833,2021-03-22T00:00:00Z,2024-06-30T00:00:00Z
5624,666,9840730,2022-08-23T00:00:00Z,2024-06-30T00:00:00Z
1102,369,31175033712657,2022-11-05T00:00:00Z,2024-06-30T00:00:00Z
4134,20,31175035961898,2022-08-22T00:00:00Z,2024-06-30T00:00:00Z
2887,616,31175005062149,2018-10-30T00:00:00Z,2024-06-30T00:00:00Z
4168,561,31175037284091,2020-02-19T00:00:00Z,2021-11-09T00:00:00Z
891,434,31175009683551,2019-11-09T00:00:00Z,2024-06-30T00:00:00Z
2596,249,31175018975170,2019-02-12T00:00:00Z,2024-06-30T00:00:00Z
2628,166,31175032453121,2018-10-17T00:00:00Z,2024-06-30T00:00:00Z
3453,355,31175033283782,2022-03-16T00:00:00Z,2024-06-30T00:00:00Z
3270,695,31175034859598,2022-03-17T00:00:00Z,2024-06-30T00:00:00Z
562,217,31175033467757,2021-03-17T00:00:00Z,2024-06-30T00:00:00Z
3074,111,31175032979612,2022-05-11T00:00:00Z,2024-06-30T00:00:00Z
1295,171,31175035770950,2022-08-01T00:00:00Z,2024-06-30T00:00:00Z
165,501,31175034555550,2022-06-19T00:00:00Z,2024-06-30T00:00:00Z
1950,374,31175002119736,2019-09-01T00:00:00Z,2024-06-30T00:00:00Z
904,331,31175029742502,2018-08-23T00:00:00Z,2024-06-30T00:00:00Z
4736,448,31175037771766,2022-03-15T00:00:00Z,2024-06-30T00:00:00Z
2410,364,31175023907853,2022-06-07T00:00:00Z,2024-06-30T00:00:00Z
3299,524,31175019288060,2021-11-08T00:00:00Z,2024-06-30T00:00:00Z
3359,326,31175034718265,2018-12-07T00:00:00Z,2024-06-30T00:00:00Z
2042,640,31175034837362,2019-07-16T00:00:00Z,2024-06-30T00:00:00Z
373,125,31175029703033,2019-07-12T00:00:00Z,2024-06-30T00:00:00Z
4684,457,8916781,2019-06-27T00:00:00Z,2023-06-30T00:00:00Z
4029,419,31175034615941,2018-07-19T00:00:00Z,2024-06-30T00:00:00Z
851,500,31175034428949,2021-10-08T00:00:00Z,2024-06-30T00:00:00Z
2775,501,31175029707562,2020-01-31T00:00:00Z,2024-06-30T00:00:00Z
2472,650,31175011764084,2022-12-07T00:00:00Z,2024-06-30T00:00:00Z
176,375,31175030599206,2022-09-18T00:00:00Z,2024-06-30T00:00:00Z
4670,9,31175037907634,2020-10-02T00:00:00Z,2024-06-30T00:00:00Z
2862,471,31175034371297,2018-08-08T00:00:00Z,2024-06-30T00:00:00Z
2664,144,31175030644200,2022-07-21T00:00:00Z,2024-01-22T00:00:00Z
4436,419,31175037097980,2020-01-15T00:00:00Z,2024-06-30T00:00:00Z
5032,717,31175038640747,2022-04-09T00:00:00Z,2024-06-30T00:00:00Z
462,217,31175030651593,2019-04-04T00:00:00Z,2024-06-30T00:00:00Z
5194,566,31130000899979,2019-06-03T00:00:00Z,2024-06-11T00:00:00Z
2777,440,31175030391430,2020-10-02T00:00:00Z,2024-06-30T00:00:00Z
2428,197,31175011927491,2022-09-08T00:00:00Z,2024-06-30T00:00:00Z
4663,191,31175037620260,2020-02-07T00:00:00Z,2024-06-30T00:00:00Z
4109,354,31175030401189,2022-11-30T00:00:00Z,2024-06-30T00:00:00Z
1937,349,31175035842130,2018-08-07T00:00:00Z,2024-06-30T00:00:00Z
2845,522,31175003696328,2020-08-05T00:00:00Z,2024-06-30T00:00:00Z
2778,116,31175034602063,2022-07-17T00:00:00Z,2024-06-30T00:00:00Z
250,106,31175026620149,2019-06-04T00:00:00Z,2024-06-30T00:00:00Z
2489,217,31175033346431,2020-12-18T00:00:00Z,2024-06-30T00:00:00Z
4626,299,31175036799776,2022-09-12T00:00:00Z,2024-06-30T00:00:00Z
4328,699,31175037262162,2022-06-14T00:00:00Z,2024-06-30T00:00:00Z
4365,267,31175037379354,2022-07-31T00:00:00Z,2024-06-30T00:00:00Z
4852,131,9154541,2020-01-15T00:00:00Z,2024-06-30T00:00:00Z
2774,151,31175034037609,2019-02-11T00:00:00Z,2024-06-30T00:00:00Z
3337,255,31175008364872,2019-01-24T00:00:00Z,2024-06-30T00:00:00Z
3898,217,31175000869118,2022-03-29T00:00:00Z,2024-06-30T00:00:00Z
4565,481,31175037181206,2019-12-12T00:00:00Z,2024-06-30T00:00:00Z
247,247,31175027005548,2019-09-18T00:00:00Z,2024-06-30T00:00:00Z
1988,338,31175021089704,2022-11-22T00:00:00Z,2024-06-30T00:00:00Z
2160,369,31175031566667,2021-02-24T00:00:00Z,2024-06-30T00:00:00Z
768,217,31175005814143,2022-10-04T00:00:00Z,2024-06-30T00:00:00Z
5078,20,31175038451533,2021-10-15T00:00:00Z,2024-06-30T00:00:00Z
4198,501,31175036113515,2019-04-29T00:00:00Z,2024-06-30T00:00:00Z
1844,569,31175015211280,2021-11-03T00:00:00Z,2024-06-30T00:00:00Z
470,252,31175009059794,2019-05-30T00:00:00Z,2024-06-30T00:00:00Z
2029,130,31175035440729,2018-11-07T00:00:00Z,2024-06-30T00:00:00Z
2633,364,31175013340834,2019-06-26T00:00:00Z,2024-06-30T00:00:00Z
1459,369,31175015190732,2021-06-29T00:00:00Z,2024-06-30T00:00:00Z
4712,126,31175037775890,2020-03-10T00:00:00Z,2024-06-30T00:00:00Z
3355,421,31175011691758,2020-12-18T00:00:00Z,2024-06-30T00:00:00Z
1577,381,31175036277336,2018-11-06T00:00:00Z,2024-06-30T00:00:00Z
2561,217,31175035848939,2020-02-13T00:00:00Z,2024-06-30T00:00:00Z
4273,355,31175036929787,2022-03-16T00:00:00Z,2024-06-30T00:00:00Z
2514,684,31175022615598,2022-12-05T00:00:00Z,2024-06-30T00:00:00Z
1313,199,31175028154469,2022-05-02T00:00:00Z,2024-06-30T00:00:00Z
1326,337,31175033346316,2022-02-23T00:00:00Z,2024-06-30T00:00:00Z
497,425,31175023720637,2022-09-12T00:00:00Z,2024-06-30T00:00:00Z
1895,116,31175013135432,2022-07-17T00:00:00Z,2024-06-30T00:00:00Z
846,178,31175033896674,2020-03-04T00:00:00Z,2024-06-30T00:00:00Z
5631,212,9842612,2022-09-19T00:00:00Z,2024-06-30T00:00:00Z
4167,561,31175037284034,2020-02-19T00:00:00Z,2021-11-09T00:00:00Z
4207,479,31175036076357,2019-01-07T00:00:00Z,2024-06-30T00:00:00Z
2137,9,31175034363955,2021-04-13T00:00:00Z,2024-06-30T00:00:00Z
3268,533,31175036258047,2020-12-01T00:00:00Z,2024-06-30T00:00:00Z
5246,638,31130003809330,2019-05-02T00:00:00Z,2024-06-28T00:00:00Z
4879,457,31175037853556,2022-03-11T00:00:00Z,2024-06-30T00:00:00Z
5142,265,31130000985646,2019-07-29T00:00:00Z,2024-06-11T00:00:00Z
3602,666,31175005488849,2022-11-20T00:00:00Z,2024-06-30T00:00:00Z
3640,197,31175033319743,2022-10-27T00:00:00Z,2024-06-30T00:00:00Z
510,381,31175027942377,2020-07-29T00:00:00Z,2024-06-30T00:00:00Z
4857,448,31175038746635,2022-03-15T00:00:00Z,2024-06-30T00:00:00Z
2411,452,31175023993671,2018-08-10T00:00:00Z,2024-06-30T00:00:00Z
1803,204,31175005099299,2021-12-13T00:00:00Z,2024-06-30T00:00:00Z
998,421,31175031695912,2022-03-07T00:00:00Z,2024-06-30T00:00:00Z
1416,170,31175013474047,2019-12-06T00:00:00Z,2024-06-30T00:00:00Z
1720,671,31175031717625,2020-01-06T00:00:00Z,2024-06-30T00:00:00Z
4237,331,31175036609405,2018-08-23T00:00:00Z,2024-06-30T00:00:00Z
5053,381,31175038661016,2021-06-11T00:00:00Z,2024-06-30T00:00:00Z
120,464,31175023939997,2019-09-04T00:00:00Z,2024-06-30T00:00:00Z
1465,129,31175024301890,2019-04-01T00:00:00Z,2024-06-30T00:00:00Z
2753,293,31175018570435,2020-01-22T00:00:00Z,2024-06-30T00:00:00Z
2146,177,31175032811351,2022-09-20T00:00:00Z,2024-06-30T00:00:00Z
4523,554,31175037597302,2022-04-08T00:00:00Z,2024-03-31T00:00:00Z
2033,217,31175035447195,2021-06-23T00:00:00Z,2024-06-30T00:00:00Z
3103,347,31175017141535,2019-01-15T00:00:00Z,2024-06-30T00:00:00Z
3688,265,31175001596652,2019-09-12T00:00:00Z,2024-06-30T00:00:00Z
420,427,31175034605678,2019-11-03T00:00:00Z,2024-06-30T00:00:00Z
4456,20,31175037136937,2021-11-24T00:00:00Z,2024-06-30T00:00:00Z
5220,43,31130000693349,2018-07-25T00:00:00Z,2020-08-28T00:00:00Z
602,195,31175018917842,2022-10-17T00:00:00Z,2024-06-30T00:00:00Z
4277,384,31175036771148,2020-07-02T00:00:00Z,2024-06-30T00:00:00Z
2627,308,31175033034110,2018-08-20T00:00:00Z,2024-06-30T00:00:00Z
2659,189,31175007868626,2019-11-07T00:00:00Z,2024-06-30T00:00:00Z
3225,190,31175034315419,2022-06-08T00:00:00Z,2024-06-30T00:00:00Z
2770,598,31175036718818,2019-03-15T00:00:00Z,2024-06-30T00:00:00Z
3258,317,31175028651746,2021-08-10T00:00:00Z,2024-06-30T00:00:00Z
5182,38,31130003950001,2019-07-08T00:00:00Z,2021-12-20T00:00:00Z
762,606,31175027684292,2020-03-04T00:00:00Z,2024-06-30T00:00:00Z
5140,297,31130003716444,2022-11-16T00:00:00Z,2024-06-11T00:00:00Z
3966,520,31175015673596,2022-05-11T00:00:00Z,2024-06-30T00:00:00Z
3599,522,31175027456022,2019-02-20T00:00:00Z,2024-06-30T00:00:00Z
902,298,31175019577934,2019-07-17T00:00:00Z,2024-06-30T00:00:00Z
4512,129,31175037581058,2022-04-20T00:00:00Z,2024-06-30T00:00:00Z
671,494,31175019267999,2019-06-17T00:00:00Z,2024-06-30T00:00:00Z
4889,500,9215593,2020-02-24T00:00:00Z,2024-06-30T00:00:00Z
3284,156,31175013326288,2019-09-17T00:00:00Z,2024-06-30T00:00:00Z
1710,156,31175027361701,2019-09-17T00:00:00Z,2024-06-30T00:00:00Z
4043,20,31175018924236,2022-10-21T00:00:00Z,2024-06-30T00:00:00Z
3925,457,31175029739607,2018-09-24T00:00:00Z,2024-06-30T00:00:00Z
660,249,31175030902947,2020-08-03T00:00:00Z,2024-06-30T00:00:00Z
2065,524,31175033999080,2021-11-08T00:00:00Z,2024-06-30T00:00:00Z
4442,494,31175037271015,2019-10-07T00:00:00Z,2024-06-30T00:00:00Z
5507,500,31175038533264,2021-12-01T00:00:00Z,2024-06-30T00:00:00Z
1426,200,31175008503917,2021-11-23T00:00:00Z,2024-06-30T00:00:00Z
13,434,31175035574683,2019-08-20T00:00:00Z,2024-06-30T00:00:00Z
2725,554,31175034360357,2022-04-08T00:00:00Z,2024-03-31T00:00:00Z
3976,515,31175015636502,2022-05-31T00:00:00Z,2024-06-30T00:00:00Z
4574,666,31175037193326,2022-04-04T00:00:00Z,2024-06-30T00:00:00Z
1168,331,31175016896766,2020-07-06T00:00:00Z,2024-06-30T00:00:00Z
1081,494,31175026997109,2019-05-06T00:00:00Z,2024-06-30T00:00:00Z
223,19,31175012155563,2021-09-23T00:00:00Z,2024-06-30T00:00:00Z
3164,569,31175028173576,2022-12-07T00:00:00Z,2024-06-30T00:00:00Z
5448,369,31175038472539,2021-08-23T00:00:00Z,2024-06-30T00:00:00Z
118,402,31175032346333,2021-08-11T00:00:00Z,2024-06-30T00:00:00Z
5112,296,31130000920122,2020-06-12T00:00:00Z,2024-06-11T00:00:00Z
3868,345,31175028416124,2022-09-06T00:00:00Z,2024-06-30T00:00:00Z
2120,287,31175021418788,2022-09-23T00:00:00Z,2024-06-30T00:00:00Z
2720,137,31175020906080,2018-10-11T00:00:00Z,2024-06-30T00:00:00Z
4645,338,8868451,2019-05-15T00:00:00Z,2024-06-30T00:00:00Z
5209,290,31130003698006,2019-07-18T00:00:00Z,2024-06-11T00:00:00Z
1439,142,31175001508145,2019-07-23T00:00:00Z,2024-06-30T00:00:00Z
2993,249,31175017936660,2022-05-06T00:00:00Z,2024-06-30T00:00:00Z
4924,19,31175038817055,2021-01-07T00:00:00Z,2024-06-30T00:00:00Z
4691,441,8929767,2019-07-12T00:00:00Z,2021-10-05T00:00:00Z
2649,490,31175032648571,2022-06-14T00:00:00Z,2024-06-30T00:00:00Z
3433,466,31175030725959,2022-12-09T00:00:00Z,2024-06-30T00:00:00Z
4360,217,31175037350900,2019-02-19T00:00:00Z,2024-06-30T00:00:00Z
1257,444,31175021135853,2019-02-04T00:00:00Z,2024-06-30T00:00:00Z
1354,660,31175036437724,2019-08-28T00:00:00Z,2024-06-30T00:00:00Z
4949,73,31175038966621,2022-11-08T00:00:00Z,2024-06-30T00:00:00Z
2564,106,31175035838344,2018-09-06T00:00:00Z,2024-06-30T00:00:00Z
365,359,31175034590573,2022-02-24T00:00:00Z,2024-06-30T00:00:00Z
2415,456,31175027677858,2021-10-04T00:00:00Z,2024-06-30T00:00:00Z
1451,536,31175026912108,2018-12-04T00:00:00Z,2024-06-30T00:00:00Z
1058,365,31175033469472,2020-01-08T00:00:00Z,2024-06-30T00:00:00Z
4479,588,8554740,2018-10-02T00:00:00Z,2024-06-30T00:00:00Z
4153,206,31175036021619,2019-05-28T00:00:00Z,2024-06-30T00:00:00Z
4384,677,31175037049148,2019-02-08T00:00:00Z,2024-06-30T00:00:00Z
4750,687,9024680,2019-10-04T00:00:00Z,2024-06-30T00:00:00Z
96,227,31175034041155,2021-03-02T00:00:00Z,2024-06-30T00:00:00Z
4281,448,31175036936535,2022-08-15T00:00:00Z,2024-06-30T00:00:00Z
3369,196,31175017422828,2021-05-07T00:00:00Z,2024-06-30T00:00:00Z
4325,419,31175037267146,2020-01-15T00:00:00Z,2024-06-30T00:00:00Z
2406,129,31175032468285,2019-04-25T00:00:00Z,2024-06-30T00:00:00Z
5534,500,31175038501865,2022-01-31T00:00:00Z,2024-06-30T00:00:00Z
2806,459,31175023999637,2021-12-09T00:00:00Z,2024-06-30T00:00:00Z
4432,369,31175037064741,2021-01-25T00:00:00Z,2024-06-30T00:00:00Z
2189,519,31175022140910,2019-02-11T00:00:00Z,2024-06-30T00:00:00Z
138,326,31175026023997,2021-08-02T00:00:00Z,2024-06-30T00:00:00Z
1202,338,31175004664952,2021-05-27T00:00:00Z,2024-07-01T00:00:00Z
2368,375,31175000705460,2022-02-02T00:00:00Z,2024-06-30T00:00:00Z
2358,440,31175036470006,2022-04-05T00:00:00Z,2024-06-30T00:00:00Z
3667,189,31175036446089,2018-08-07T00:00:00Z,2024-06-30T00:00:00Z
1036,449,31175025274153,2022-09-20T00:00:00Z,2024-06-30T00:00:00Z
2793,255,31175017411375,2018-08-13T00:00:00Z,2024-06-30T00:00:00Z
5231,629,31130003616073,2020-11-11T00:00:00Z,2024-06-11T00:00:00Z
2966,595,31175010483694,2022-06-01T00:00:00Z,2024-06-30T00:00:00Z
2580,511,31175025981815,2020-08-25T00:00:00Z,2024-06-30T00:00:00Z
811,197,31175031518817,2021-07-23T00:00:00Z,2024-06-30T00:00:00Z
2113,695,31175023929998,2022-03-15T00:00:00Z,2024-06-30T00:00:00Z
2685,512,31175035863292,2021-09-21T00:00:00Z,2024-06-30T00:00:00Z
5394,38,31130003848551,2021-08-13T00:00:00Z,2021-12-20T00:00:00Z
1669,440,31175017239438,2021-10-01T00:00:00Z,2024-06-30T00:00:00Z
4795,72,31175037858555,2022-01-21T00:00:00Z,2024-06-30T00:00:00Z
3730,545,31175001077687,2019-09-17T00:00:00Z,2024-06-30T00:00:00Z
2740,335,31175034126774,2022-11-21T00:00:00Z,2023-11-21T00:00:00Z
1008,27,31175018396013,2021-10-19T00:00:00Z,2024-06-30T00:00:00Z
2490,565,31175030616943,2022-08-26T00:00:00Z,2024-06-30T00:00:00Z
3242,190,31175033109482,2022-06-08T00:00:00Z,2024-06-30T00:00:00Z
1024,530,31175032712187,2022-03-11T00:00:00Z,2024-06-30T00:00:00Z
2110,695,31175024745096,2022-03-15T00:00:00Z,2024-06-30T00:00:00Z
1037,581,31175025256077,2022-07-19T00:00:00Z,2024-06-30T00:00:00Z
5389,138,31130003847231,2021-09-10T00:00:00Z,2024-06-11T00:00:00Z
3309,129,31175001162778,2018-08-13T00:00:00Z,2024-06-30T00:00:00Z
2167,255,31175000706294,2019-01-15T00:00:00Z,2024-06-30T00:00:00Z
4772,449,31175037758789,2020-10-12T00:00:00Z,2024-06-30T00:00:00Z
2421,351,31175034592611,2021-03-02T00:00:00Z,2024-06-30T00:00:00Z
919,674,31175004255777,2019-07-16T00:00:00Z,2024-06-30T00:00:00Z
2246,511,31175031846358,2019-10-07T00:00:00Z,2024-06-30T00:00:00Z
3738,520,31175010523150,2021-11-04T00:00:00Z,2024-06-30T00:00:00Z
1256,449,31175007097523,2020-02-26T00:00:00Z,2024-06-30T00:00:00Z
1136,314,31175022130127,2019-01-08T00:00:00Z,2024-06-30T00:00:00Z
414,108,31175023863825,2022-08-29T00:00:00Z,2024-06-30T00:00:00Z
145,425,31175011160630,2022-06-23T00:00:00Z,2024-06-30T00:00:00Z
258,519,31175013481984,2021-11-22T00:00:00Z,2024-06-30T00:00:00Z
3185,457,31175022582202,2020-01-17T00:00:00Z,2024-06-30T00:00:00Z
5151,38,31130003881826,2018-08-10T00:00:00Z,2021-12-20T00:00:00Z
716,449,31175030169323,2019-11-05T00:00:00Z,2024-06-30T00:00:00Z
3233,504,31175024300454,2018-10-31T00:00:00Z,2024-06-30T00:00:00Z
3757,354,31175026786791,2022-11-03T00:00:00Z,2024-06-30T00:00:00Z
3729,663,31175025370605,2020-02-21T00:00:00Z,2024-06-30T00:00:00Z
1364,419,31175036459504,2018-07-19T00:00:00Z,2024-06-30T00:00:00Z
915,197,31175034026016,2022-02-18T00:00:00Z,2024-06-30T00:00:00Z
1039,365,31175025257380,2020-01-08T00:00:00Z,2024-06-30T00:00:00Z
1939,199,31175021540276,2022-01-14T00:00:00Z,2024-06-30T00:00:00Z
2523,355,31175030398492,2022-03-16T00:00:00Z,2024-06-30T00:00:00Z
4622,524,31175036840604,2019-05-20T00:00:00Z,2024-06-30T00:00:00Z
4353,448,31175037317453,2022-03-15T00:00:00Z,2024-06-30T00:00:00Z
4388,556,31175037044925,2020-02-13T00:00:00Z,2024-01-22T00:00:00Z
3315,364,31175036328642,2019-06-26T00:00:00Z,2024-06-30T00:00:00Z
2060,112,31175034847205,2019-02-04T00:00:00Z,2024-06-30T00:00:00Z
516,466,31175033484745,2020-11-24T00:00:00Z,2024-06-30T00:00:00Z
2198,63,31175014690799,2022-12-14T00:00:00Z,2023-12-14T00:00:00Z
790,569,31175014862778,2021-11-09T00:00:00Z,2024-06-30T00:00:00Z
2092,116,31175026018948,2022-07-17T00:00:00Z,2024-06-30T00:00:00Z
1499,265,31175034618747,2019-09-12T00:00:00Z,2024-06-30T00:00:00Z
95,190,31175033910970,2021-10-26T00:00:00Z,2024-06-30T00:00:00Z
3857,220,31175028412339,2020-03-12T00:00:00Z,2024-06-30T00:00:00Z
4737,202,31175037971184,2020-02-25T00:00:00Z,2024-06-30T00:00:00Z
2236,255,31175020926971,2019-05-02T00:00:00Z,2024-06-30T00:00:00Z
2728,670,31175030041100,2022-08-08T00:00:00Z,2024-06-30T00:00:00Z
2556,357,31175015678843,2019-05-17T00:00:00Z,2024-06-30T00:00:00Z
3508,19,31175011914697,2020-10-30T00:00:00Z,2024-06-30T00:00:00Z
921,569,31175024943915,2022-10-06T00:00:00Z,2024-06-30T00:00:00Z
735,680,31175035837809,2019-09-10T00:00:00Z,2024-06-30T00:00:00Z
1265,130,31175028407883,2018-11-07T00:00:00Z,2024-06-30T00:00:00Z
1352,358,31175021620599,2019-02-28T00:00:00Z,2024-06-30T00:00:00Z
179,463,31175019808032,2022-03-29T00:00:00Z,2024-06-30T00:00:00Z
3099,466,31175032841457,2022-12-09T00:00:00Z,2024-06-30T00:00:00Z
2124,162,31175032503503,2020-12-17T00:00:00Z,2024-06-30T00:00:00Z
3552,189,31175030254893,2021-03-22T00:00:00Z,2024-06-30T00:00:00Z
1006,27,31175019423956,2021-10-19T00:00:00Z,2024-06-30T00:00:00Z
828,524,31175033982300,2019-03-29T00:00:00Z,2024-06-30T00:00:00Z
4836,213,9128037,2020-01-16T00:00:00Z,2023-06-30T00:00:00Z
901,125,31175027949059,2019-07-12T00:00:00Z,2024-06-30T00:00:00Z
5458,44,31130003925052,2021-09-02T00:00:00Z,2021-12-20T00:00:00Z
4744,681,31175037770255,2020-12-10T00:00:00Z,2024-06-30T00:00:00Z
4215,492,31175036120353,2019-07-12T00:00:00Z,2023-06-30T00:00:00Z
2698,365,31175033532816,2020-01-08T00:00:00Z,2024-06-30T00:00:00Z
543,463,31175021618171,2021-04-06T00:00:00Z,2024-06-30T00:00:00Z
5204,296,31130003682943,2019-01-07T00:00:00Z,2024-06-11T00:00:00Z
3549,588,31175025027031,2022-06-17T00:00:00Z,2024-06-30T00:00:00Z
5054,469,31175038457670,2021-08-03T00:00:00Z,2024-06-30T00:00:00Z
4952,575,31175038979509,2022-11-04T00:00:00Z,2023-10-10T00:00:00Z
3154,249,31175017399828,2018-08-01T00:00:00Z,2024-06-30T00:00:00Z
471,468,31175001850174,2019-04-16T00:00:00Z,2024-06-30T00:00:00Z
1217,184,31175034687999,2022-08-02T00:00:00Z,2024-06-30T00:00:00Z
4488,9,31175037164582,2020-10-02T00:00:00Z,2024-06-30T00:00:00Z
375,190,31175029633313,2022-06-08T00:00:00Z,2024-06-30T00:00:00Z
175,116,31175030995537,2022-07-17T00:00:00Z,2024-06-30T00:00:00Z
4397,357,31175037011239,2020-02-07T00:00:00Z,2024-06-30T00:00:00Z
3009,503,31175020512912,2020-02-07T00:00:00Z,2021-01-15T00:00:00Z
1954,449,31175013279990,2019-08-20T00:00:00Z,2024-06-30T00:00:00Z
1900,567,31175031063657,2018-08-16T00:00:00Z,2024-06-30T00:00:00Z
4704,280,8954845,2019-08-05T00:00:00Z,2022-06-30T00:00:00Z
3006,146,31175035824245,2022-05-14T00:00:00Z,2024-06-30T00:00:00Z
4667,493,31175037910984,2019-08-28T00:00:00Z,2024-06-30T00:00:00Z
2588,449,31175011567792,2019-03-18T00:00:00Z,2024-06-30T00:00:00Z
931,491,31175025988851,2020-10-27T00:00:00Z,2024-06-30T00:00:00Z
4639,457,8864973,2019-05-09T00:00:00Z,2023-06-30T00:00:00Z
1514,152,31175027679680,2022-06-10T00:00:00Z,2024-06-30T00:00:00Z
1800,319,31175006982758,2021-10-12T00:00:00Z,2024-06-30T00:00:00Z
2047,357,31175028458043,2019-05-17T00:00:00Z,2024-06-30T00:00:00Z
201,3,31175028481896,2022-04-26T00:00:00Z,2024-06-30T00:00:00Z
160,24,31175023920765,2022-12-14T00:00:00Z,2023-09-30T00:00:00Z
2319,524,31175007924726,2021-11-08T00:00:00Z,2024-06-30T00:00:00Z
4904,357,9247413,2020-03-19T00:00:00Z,2024-06-30T00:00:00Z
2482,108,31175033636757,2019-08-09T00:00:00Z,2024-06-30T00:00:00Z
169,387,31175035013914,2022-09-19T00:00:00Z,2024-06-30T00:00:00Z
1242,440,31175036715947,2022-04-01T00:00:00Z,2024-06-30T00:00:00Z
4090,569,31175027038051,2019-11-12T00:00:00Z,2024-06-30T00:00:00Z
354,381,31175031751913,2021-10-27T00:00:00Z,2024-06-30T00:00:00Z
5662,19,9896249,2022-12-06T00:00:00Z,2024-06-30T00:00:00Z
4636,616,31175037914440,2019-06-10T00:00:00Z,2024-06-30T00:00:00Z
1162,379,31175021366698,2021-02-08T00:00:00Z,2024-06-30T00:00:00Z
5315,202,31130003668496,2022-09-28T00:00:00Z,2024-06-11T00:00:00Z
4393,491,31175037015669,2022-08-12T00:00:00Z,2024-06-30T00:00:00Z
966,463,31175036684952,2021-05-12T00:00:00Z,2024-06-30T00:00:00Z
589,475,31175001803538,2019-02-25T00:00:00Z,2024-06-30T00:00:00Z
4563,569,31175037182006,2021-11-03T00:00:00Z,2024-06-30T00:00:00Z
2145,111,31175032836457,2022-07-18T00:00:00Z,2024-06-30T00:00:00Z
3942,524,31175022059573,2021-01-13T00:00:00Z,2024-06-30T00:00:00Z
4556,616,31175037184804,2021-08-13T00:00:00Z,2024-06-30T00:00:00Z
2517,644,31175030384989,2018-08-17T00:00:00Z,2024-06-30T00:00:00Z
1148,26,31175027345803,2021-12-16T00:00:00Z,2024-06-30T00:00:00Z
5243,638,31130003924360,2019-09-23T00:00:00Z,2024-06-28T00:00:00Z
1958,217,31175008040175,2021-10-06T00:00:00Z,2024-06-30T00:00:00Z
4154,588,31175036020462,2019-09-20T00:00:00Z,2024-06-30T00:00:00Z
3752,510,31175029016469,2019-06-07T00:00:00Z,2024-06-30T00:00:00Z
4897,500,31175037897280,2020-03-20T00:00:00Z,2024-06-30T00:00:00Z
1082,471,31175015508214,2022-09-02T00:00:00Z,2024-06-30T00:00:00Z
4212,108,31175036104407,2022-08-29T00:00:00Z,2024-06-30T00:00:00Z
588,615,31175009466031,2020-02-26T00:00:00Z,2024-06-30T00:00:00Z
2626,447,31175013247823,2019-11-06T00:00:00Z,2024-06-30T00:00:00Z
3651,326,31175032978168,2021-08-02T00:00:00Z,2024-06-30T00:00:00Z
3792,449,31175021190809,2019-01-08T00:00:00Z,2024-06-30T00:00:00Z
1248,172,31175033144133,2019-06-14T00:00:00Z,2024-06-30T00:00:00Z
538,449,31175000165848,2018-09-06T00:00:00Z,2024-06-30T00:00:00Z
1728,197,31175028400466,2021-07-16T00:00:00Z,2024-06-30T00:00:00Z
2695,655,31175026979735,2020-01-15T00:00:00Z,2024-01-22T00:00:00Z
1967,520,31175005664902,2022-03-07T00:00:00Z,2024-06-30T00:00:00Z
5098,566,31130003615653,2018-11-09T00:00:00Z,2024-06-11T00:00:00Z
5289,629,31130003591722,2022-01-27T00:00:00Z,2024-06-11T00:00:00Z
2610,500,31175008391578,2021-10-08T00:00:00Z,2024-06-30T00:00:00Z
1478,129,31175011086306,2019-06-07T00:00:00Z,2024-06-30T00:00:00Z
4415,220,31175037043299,2020-03-10T00:00:00Z,2024-06-30T00:00:00Z
4075,116,31175033536445,2022-11-23T00:00:00Z,2024-06-30T00:00:00Z
404,329,31175036431784,2021-06-24T00:00:00Z,2024-06-30T00:00:00Z
4403,337,31175037010413,2021-09-08T00:00:00Z,2024-06-30T00:00:00Z
477,265,31175024006309,2019-09-12T00:00:00Z,2024-06-30T00:00:00Z
4383,519,31175037390500,2022-03-09T00:00:00Z,2024-06-30T00:00:00Z
4938,699,31175038825645,2022-03-28T00:00:00Z,2024-06-30T00:00:00Z
3265,546,31175035908238,2018-08-05T00:00:00Z,2024-06-30T00:00:00Z
613,217,31175018852064,2019-02-25T00:00:00Z,2024-06-30T00:00:00Z
2112,695,31175027410367,2022-03-15T00:00:00Z,2024-06-30T00:00:00Z
428,288,31175033771208,2020-03-02T00:00:00Z,2024-06-30T00:00:00Z
1884,388,31175036308818,2019-06-04T00:00:00Z,2024-06-30T00:00:00Z
166,569,31175021797231,2022-10-14T00:00:00Z,2024-06-30T00:00:00Z
4881,19,31175038753292,2021-09-15T00:00:00Z,2024-06-30T00:00:00Z
3624,187,31175029335810,2019-05-20T00:00:00Z,2024-06-30T00:00:00Z
2883,20,31175030166782,2022-04-12T00:00:00Z,2024-06-30T00:00:00Z
1947,395,31175035841637,2019-04-17T00:00:00Z,2024-06-30T00:00:00Z
1655,217,31175030185428,2018-11-09T00:00:00Z,2024-06-30T00:00:00Z
1013,308,31175030560844,2022-04-21T00:00:00Z,2024-06-30T00:00:00Z
1413,189,31175018359656,2018-11-26T00:00:00Z,2024-06-30T00:00:00Z
5217,45,31130003694435,2019-05-12T00:00:00Z,2019-06-03T00:00:00Z
446,276,31175004839521,2018-07-17T00:00:00Z,2024-06-30T00:00:00Z
2660,469,31175031653697,2019-09-27T00:00:00Z,2024-06-30T00:00:00Z
348,569,31175035857708,2021-07-22T00:00:00Z,2024-06-30T00:00:00Z
5509,666,31175038491752,2022-04-07T00:00:00Z,2024-06-30T00:00:00Z
710,326,31175018704844,2020-02-06T00:00:00Z,2024-06-30T00:00:00Z
4985,146,31175038601921,2022-02-10T00:00:00Z,2024-06-30T00:00:00Z
1968,19,31175014550423,2022-09-15T00:00:00Z,2024-06-30T00:00:00Z
4811,588,31175037830828,2021-01-20T00:00:00Z,2024-06-30T00:00:00Z
1124,206,31175025972087,2021-05-18T00:00:00Z,2024-06-30T00:00:00Z
2257,314,31175015569059,2022-10-27T00:00:00Z,2024-06-30T00:00:00Z
4050,217,31175001782567,2021-12-02T00:00:00Z,2024-06-30T00:00:00Z
1757,662,31175032506613,2022-05-11T00:00:00Z,2024-06-30T00:00:00Z
3176,656,31175024639372,2022-09-19T00:00:00Z,2024-06-30T00:00:00Z
3020,206,31175033943419,2019-07-08T00:00:00Z,2024-06-30T00:00:00Z
2634,242,31175034403819,2022-10-05T00:00:00Z,2024-06-30T00:00:00Z
2225,24,31175032021506,2022-06-01T00:00:00Z,2023-09-30T00:00:00Z
2073,217,31175008247945,2021-10-04T00:00:00Z,2024-06-30T00:00:00Z
2702,402,31175034269723,2021-08-11T00:00:00Z,2024-06-30T00:00:00Z
1349,139,31175034511660,2021-10-25T00:00:00Z,2024-06-30T00:00:00Z
2809,197,31175034278625,2021-07-23T00:00:00Z,2024-06-30T00:00:00Z
604,666,31175017602528,2021-11-15T00:00:00Z,2024-06-30T00:00:00Z
3655,129,31175001874521,2019-05-01T00:00:00Z,2024-06-30T00:00:00Z
2219,379,31175031031191,2022-08-30T00:00:00Z,2024-06-30T00:00:00Z
2587,326,31175011901603,2019-04-28T00:00:00Z,2024-06-30T00:00:00Z
531,27,31175033991640,2022-07-28T00:00:00Z,2024-06-30T00:00:00Z
219,524,31175021086361,2021-10-14T00:00:00Z,2024-06-30T00:00:00Z
4140,381,31175036010836,2021-02-03T00:00:00Z,2024-06-30T00:00:00Z
3565,465,31175026004039,2020-02-16T00:00:00Z,2024-06-30T00:00:00Z
3417,470,31175011934869,2019-01-17T00:00:00Z,2024-06-30T00:00:00Z
5514,524,31175038533801,2021-12-04T00:00:00Z,2024-06-30T00:00:00Z
629,72,31175034820152,2022-01-21T00:00:00Z,2024-06-30T00:00:00Z
4039,381,31175035546582,2019-05-15T00:00:00Z,2024-06-30T00:00:00Z
596,546,31175029719823,2022-02-04T00:00:00Z,2024-06-30T00:00:00Z
4605,220,31175037222232,2020-06-17T00:00:00Z,2024-06-30T00:00:00Z
3407,524,31175020429455,2021-11-08T00:00:00Z,2024-06-30T00:00:00Z
1756,181,31175032605019,2020-10-15T00:00:00Z,2024-06-30T00:00:00Z
767,569,31175003774299,2021-12-08T00:00:00Z,2024-06-30T00:00:00Z
5466,30,31130003906169,2021-09-03T00:00:00Z,2022-06-30T00:00:00Z
2022,500,31175024783808,2021-03-15T00:00:00Z,2024-06-30T00:00:00Z
5573,556,9782721,2022-04-27T00:00:00Z,2023-06-30T00:00:00Z
3896,524,31175023876496,2021-10-14T00:00:00Z,2024-06-30T00:00:00Z
5476,260,31175038503630,2022-02-23T00:00:00Z,2024-06-30T00:00:00Z
5284,580,31130003572821,2022-04-13T00:00:00Z,2022-10-04T00:00:00Z
3318,545,31175002957184,2022-08-22T00:00:00Z,2024-06-30T00:00:00Z
1277,127,31175026876352,2021-07-08T00:00:00Z,2024-06-30T00:00:00Z
1926,374,31175006846938,2019-07-05T00:00:00Z,2024-06-30T00:00:00Z
5271,36,31130003898341,2019-04-03T00:00:00Z,2021-12-20T00:00:00Z
3409,84,31175007413274,2022-10-23T00:00:00Z,2024-06-30T00:00:00Z
3269,317,31175035923179,2022-10-11T00:00:00Z,2024-06-30T00:00:00Z
1206,276,31175019963860,2018-07-17T00:00:00Z,2024-06-30T00:00:00Z
2041,108,31175034858376,2019-08-05T00:00:00Z,2024-06-30T00:00:00Z
506,197,31175016696596,2021-09-29T00:00:00Z,2024-06-30T00:00:00Z
3564,293,31175026908858,2022-06-15T00:00:00Z,2024-06-30T00:00:00Z
3507,193,31175036426867,2021-09-29T00:00:00Z,2024-06-30T00:00:00Z
1843,370,31175001320012,2018-08-02T00:00:00Z,2024-06-30T00:00:00Z
987,197,31175032700638,2022-03-29T00:00:00Z,2024-06-30T00:00:00Z
2469,449,31175026282379,2018-11-29T00:00:00Z,2024-06-30T00:00:00Z
3558,568,31175034162688,2018-10-21T00:00:00Z,2024-06-30T00:00:00Z
3461,384,31175036324963,2021-10-07T00:00:00Z,2024-06-30T00:00:00Z
2807,546,31175015688214,2022-06-14T00:00:00Z,2024-06-30T00:00:00Z
72,449,31175011450288,2018-09-19T00:00:00Z,2024-06-30T00:00:00Z
4550,381,31175037583864,2019-06-18T00:00:00Z,2024-06-30T00:00:00Z
1589,424,31175029682997,2022-07-18T00:00:00Z,2024-06-30T00:00:00Z
4443,681,8491458,2018-07-31T00:00:00Z,2024-06-30T00:00:00Z
3030,433,31175027434524,2018-11-28T00:00:00Z,2024-06-30T00:00:00Z
4957,205,31175038981653,2022-02-11T00:00:00Z,2024-06-30T00:00:00Z
5071,375,31175038456557,2022-12-05T00:00:00Z,2024-06-30T00:00:00Z
4125,588,31175035971533,2022-06-17T00:00:00Z,2024-06-30T00:00:00Z
5170,566,31130002607644,2020-03-12T00:00:00Z,2024-06-11T00:00:00Z
3248,556,31175002674789,2022-12-05T00:00:00Z,2024-01-22T00:00:00Z
2327,369,31175011459453,2022-12-06T00:00:00Z,2024-06-30T00:00:00Z
2293,630,31175032668512,2020-10-27T00:00:00Z,2024-06-30T00:00:00Z
2519,212,31175032060215,2022-04-04T00:00:00Z,2024-06-30T00:00:00Z
4732,85,31175037763979,2022-12-16T00:00:00Z,2024-06-30T00:00:00Z
3224,19,31175034405376,2021-04-21T00:00:00Z,2024-06-30T00:00:00Z
4730,512,8986186,2019-09-04T00:00:00Z,2024-06-30T00:00:00Z
1093,326,31175031777561,2021-11-20T00:00:00Z,2024-06-30T00:00:00Z
1218,265,31175026279466,2019-09-12T00:00:00Z,2024-06-30T00:00:00Z
4126,508,31175035971095,2021-02-18T00:00:00Z,2024-06-30T00:00:00Z
1208,494,31175030039559,2019-08-05T00:00:00Z,2024-06-30T00:00:00Z
2106,501,31175031172649,2018-10-12T00:00:00Z,2024-06-30T00:00:00Z
3666,556,31175033490700,2020-02-10T00:00:00Z,2024-01-22T00:00:00Z
2467,235,31175035554198,2021-09-23T00:00:00Z,2024-06-30T00:00:00Z
2749,546,31175020863422,2022-06-14T00:00:00Z,2024-06-30T00:00:00Z
209,394,31175032962824,2019-08-23T00:00:00Z,2024-06-30T00:00:00Z
4623,644,8851594,2019-04-25T00:00:00Z,2024-06-30T00:00:00Z
2826,186,31175015720199,2019-01-02T00:00:00Z,2024-06-30T00:00:00Z
304,561,31175036042557,2020-02-19T00:00:00Z,2021-11-09T00:00:00Z
3476,527,31175034194251,2020-06-19T00:00:00Z,2024-06-30T00:00:00Z
5469,30,31130004002588,2021-09-10T00:00:00Z,2021-09-17T00:00:00Z
130,591,31175028426388,2018-11-13T00:00:00Z,2024-06-30T00:00:00Z
229,465,31175011365577,2020-02-16T00:00:00Z,2024-06-30T00:00:00Z
1220,92,31175006997202,2022-10-07T00:00:00Z,2024-01-22T00:00:00Z
3173,449,31175021993236,2020-02-05T00:00:00Z,2024-06-30T00:00:00Z
149,129,31175010911165,2018-09-07T00:00:00Z,2024-06-30T00:00:00Z
4765,213,9042239,2019-11-06T00:00:00Z,2023-06-30T00:00:00Z
1761,321,31175035705964,2019-12-06T00:00:00Z,2024-06-30T00:00:00Z
3923,365,31175016377551,2020-01-08T00:00:00Z,2024-06-30T00:00:00Z
4596,666,8787991,2019-03-11T00:00:00Z,2024-06-30T00:00:00Z
3800,616,31175028509878,2018-10-09T00:00:00Z,2024-06-30T00:00:00Z
1709,370,31175016627666,2022-03-09T00:00:00Z,2024-06-30T00:00:00Z
597,365,31175029626671,2020-01-08T00:00:00Z,2024-06-30T00:00:00Z
2455,20,31175023908828,2022-08-04T00:00:00Z,2024-06-30T00:00:00Z
797,424,31175036430380,2022-05-26T00:00:00Z,2024-06-30T00:00:00Z
4416,106,31175037085035,2018-07-13T00:00:00Z,2024-06-30T00:00:00Z
3434,425,31175012139708,2022-05-29T00:00:00Z,2024-06-30T00:00:00Z
2296,351,31175027226565,2020-06-08T00:00:00Z,2024-06-30T00:00:00Z
371,413,31175029694125,2022-11-15T00:00:00Z,2023-06-30T00:00:00Z
3108,359,31175008209077,2020-08-31T00:00:00Z,2024-06-30T00:00:00Z
5045,316,31175038650241,2022-02-11T00:00:00Z,2024-06-30T00:00:00Z
816,225,31175030932308,2021-05-03T00:00:00Z,2024-06-30T00:00:00Z
5019,341,31175038633981,2022-05-03T00:00:00Z,2024-06-30T00:00:00Z
182,471,31175024960794,2020-08-26T00:00:00Z,2024-06-30T00:00:00Z
3069,449,31175028493602,2019-09-04T00:00:00Z,2024-06-30T00:00:00Z
484,377,31175013516615,2019-07-12T00:00:00Z,2024-06-30T00:00:00Z
191,501,31175020514256,2020-02-24T00:00:00Z,2024-06-30T00:00:00Z
885,265,31175026502123,2019-09-12T00:00:00Z,2024-06-30T00:00:00Z
4473,569,31175037139477,2022-09-26T00:00:00Z,2024-06-30T00:00:00Z
4373,260,31175037392951,2022-09-19T00:00:00Z,2024-06-30T00:00:00Z
4099,19,31175016399597,2022-11-27T00:00:00Z,2024-06-30T00:00:00Z
4474,674,31175037177543,2018-10-26T00:00:00Z,2024-06-30T00:00:00Z
4660,116,31175037940833,2022-11-23T00:00:00Z,2024-06-30T00:00:00Z
1619,247,31175036244534,2019-09-18T00:00:00Z,2024-06-30T00:00:00Z
5033,20,31175038639665,2022-04-18T00:00:00Z,2024-06-30T00:00:00Z
4576,218,8759383,2019-02-25T00:00:00Z,2024-06-30T00:00:00Z
996,303,31175001701906,2019-03-01T00:00:00Z,2024-06-30T00:00:00Z
3323,425,31175036241217,2019-01-27T00:00:00Z,2024-06-30T00:00:00Z
1471,145,31175032079181,2018-08-07T00:00:00Z,2024-06-30T00:00:00Z
515,494,31175029344820,2019-01-28T00:00:00Z,2024-06-30T00:00:00Z
1223,108,31175034848112,2022-08-29T00:00:00Z,2024-06-30T00:00:00Z
749,572,31175019240780,2018-09-26T00:00:00Z,2024-06-30T00:00:00Z
195,434,31175016763677,2019-08-20T00:00:00Z,2024-06-30T00:00:00Z
3769,203,31175022899044,2021-09-30T00:00:00Z,2024-06-30T00:00:00Z
4943,19,31175038826239,2021-09-29T00:00:00Z,2024-06-30T00:00:00Z
565,536,31175013887552,2019-04-09T00:00:00Z,2024-06-30T00:00:00Z
3347,510,31175034730989,2019-03-21T00:00:00Z,2024-06-30T00:00:00Z
2505,141,31175033606545,2020-10-01T00:00:00Z,2024-06-30T00:00:00Z
4446,195,8480882,2018-07-27T00:00:00Z,2024-06-30T00:00:00Z
4354,524,31175037317339,2021-02-02T00:00:00Z,2024-06-30T00:00:00Z
36,142,31175033366074,2019-09-12T00:00:00Z,2024-06-30T00:00:00Z
1661,616,31175030244704,2018-10-09T00:00:00Z,2024-06-30T00:00:00Z
5343,74,31130001950433,2022-03-08T00:00:00Z,2023-03-08T00:00:00Z
4296,501,31175036771577,2022-06-19T00:00:00Z,2024-06-30T00:00:00Z
2955,154,31175001249401,2020-01-28T00:00:00Z,2024-06-30T00:00:00Z
2915,666,31175027507840,2020-09-24T00:00:00Z,2024-06-30T00:00:00Z
4028,446,31175027394439,2022-11-16T00:00:00Z,2024-06-30T00:00:00Z
1560,206,31175027923419,2022-05-04T00:00:00Z,2024-06-30T00:00:00Z
2715,20,31175034395411,2022-04-25T00:00:00Z,2024-06-30T00:00:00Z
2046,475,31175029639393,2019-02-12T00:00:00Z,2024-06-30T00:00:00Z
1989,170,31175021116499,2019-12-06T00:00:00Z,2024-06-30T00:00:00Z
3308,457,31175013081545,2019-08-28T00:00:00Z,2024-06-30T00:00:00Z
4104,197,31175036694258,2021-07-16T00:00:00Z,2024-06-30T00:00:00Z
5549,317,31175038509751,2022-07-06T00:00:00Z,2024-06-30T00:00:00Z
398,498,31175033180129,2019-02-01T00:00:00Z,2024-06-30T00:00:00Z
4647,483,31175036842485,2020-10-22T00:00:00Z,2024-06-30T00:00:00Z
4070,598,31175026854771,2021-12-07T00:00:00Z,2024-06-30T00:00:00Z
3814,206,31175007980934,2019-05-28T00:00:00Z,2024-06-30T00:00:00Z
993,569,31175005928315,2020-02-23T00:00:00Z,2024-06-30T00:00:00Z
3919,479,31175027222580,2019-01-07T00:00:00Z,2024-06-30T00:00:00Z
3537,546,31175022982980,2022-06-23T00:00:00Z,2024-06-30T00:00:00Z
2409,374,31175022580891,2019-07-26T00:00:00Z,2024-06-30T00:00:00Z
595,142,31175027932063,2019-07-23T00:00:00Z,2024-06-30T00:00:00Z
3899,308,31175023552683,2018-10-16T00:00:00Z,2024-06-30T00:00:00Z
3037,501,31175031021614,2020-01-31T00:00:00Z,2024-06-30T00:00:00Z
2223,308,31175031024287,2018-08-22T00:00:00Z,2024-06-30T00:00:00Z
1254,449,31175018906753,2018-09-19T00:00:00Z,2024-06-30T00:00:00Z
5428,289,31130004020374,2021-09-01T00:00:00Z,2024-06-11T00:00:00Z
4497,419,31175037162768,2020-01-15T00:00:00Z,2024-06-30T00:00:00Z
3440,19,31175034853161,2021-09-15T00:00:00Z,2024-06-30T00:00:00Z
5335,202,31130001631017,2020-02-24T00:00:00Z,2024-06-11T00:00:00Z
3742,19,31175028166273,2020-11-02T00:00:00Z,2024-06-30T00:00:00Z
2069,425,31175011250431,2022-06-23T00:00:00Z,2024-06-30T00:00:00Z
1161,664,31175021424760,2022-10-27T00:00:00Z,2024-06-30T00:00:00Z
2142,20,31175013216315,2022-09-29T00:00:00Z,2024-06-30T00:00:00Z
2242,449,31175012288885,2019-09-04T00:00:00Z,2024-06-30T00:00:00Z
2631,200,31175025229470,2019-07-11T00:00:00Z,2024-06-30T00:00:00Z
4322,84,31175037266593,2022-12-08T00:00:00Z,2024-06-30T00:00:00Z
4211,569,31175036111089,2021-08-10T00:00:00Z,2024-06-30T00:00:00Z
5301,291,31130003703673,2020-01-24T00:00:00Z,2022-01-05T00:00:00Z
2247,556,31175010541012,2020-01-15T00:00:00Z,2024-01-22T00:00:00Z
221,178,31175021607802,2020-03-04T00:00:00Z,2024-06-30T00:00:00Z
2418,666,31175027361297,2022-11-17T00:00:00Z,2024-06-30T00:00:00Z
1737,212,31175028430893,2022-07-15T00:00:00Z,2024-06-30T00:00:00Z
3004,255,31175002155920,2019-01-04T00:00:00Z,2024-06-30T00:00:00Z
4052,288,31175030432879,2020-02-20T00:00:00Z,2024-06-30T00:00:00Z
4783,546,31175037840538,2019-12-17T00:00:00Z,2024-06-30T00:00:00Z
5579,384,31175038314913,2022-11-22T00:00:00Z,2024-06-30T00:00:00Z
4955,569,31175038862721,2021-11-04T00:00:00Z,2024-06-30T00:00:00Z
4758,262,9055947,2019-10-22T00:00:00Z,2023-06-30T00:00:00Z
3187,665,31175022763943,2021-11-17T00:00:00Z,2024-06-30T00:00:00Z
652,170,31175035912974,2018-09-16T00:00:00Z,2024-06-30T00:00:00Z
2335,129,31175011342162,2019-09-16T00:00:00Z,2024-06-30T00:00:00Z
4147,510,31175036026543,2019-09-29T00:00:00Z,2024-06-30T00:00:00Z
4254,449,31175036607458,2019-08-20T00:00:00Z,2024-06-30T00:00:00Z
3036,440,31175020323260,2022-03-28T00:00:00Z,2024-06-30T00:00:00Z
981,77,31175027358558,2022-05-07T00:00:00Z,2024-06-30T00:00:00Z
3232,119,31175034417702,2022-05-13T00:00:00Z,2024-06-30T00:00:00Z
1542,524,31175034398605,2020-07-27T00:00:00Z,2024-06-30T00:00:00Z
3124,501,31175012728831,2020-02-24T00:00:00Z,2024-06-30T00:00:00Z
1873,374,31175029404756,2019-11-06T00:00:00Z,2024-06-30T00:00:00Z
5003,154,31175038628403,2021-03-19T00:00:00Z,2024-06-30T00:00:00Z
3305,217,31175036641879,2021-04-19T00:00:00Z,2024-06-30T00:00:00Z
761,524,31175026031651,2019-06-26T00:00:00Z,2024-06-30T00:00:00Z
1592,317,31175017491898,2022-01-28T00:00:00Z,2024-06-30T00:00:00Z
2405,310,31175032823364,2022-09-21T00:00:00Z,2024-06-30T00:00:00Z
3832,359,31175032337373,2021-08-30T00:00:00Z,2024-06-30T00:00:00Z
3002,255,31175005953719,2019-01-04T00:00:00Z,2024-06-30T00:00:00Z
5461,638,31130004074017,2021-08-26T00:00:00Z,2024-06-28T00:00:00Z
5330,532,31130001353976,2022-06-09T00:00:00Z,2024-06-11T00:00:00Z
459,111,31175035925281,2022-08-03T00:00:00Z,2024-06-30T00:00:00Z
4310,369,31175037264986,2019-02-21T00:00:00Z,2024-06-30T00:00:00Z
5017,408,31175038627736,2021-12-15T00:00:00Z,2024-06-30T00:00:00Z
5276,361,31130003795554,2020-06-10T00:00:00Z,2024-06-11T00:00:00Z
1699,395,31175007061792,2019-08-05T00:00:00Z,2024-06-30T00:00:00Z
4518,111,31175037584052,2022-05-11T00:00:00Z,2024-06-30T00:00:00Z
2086,501,31175035726267,2021-01-05T00:00:00Z,2024-06-30T00:00:00Z
2692,424,31175005704443,2018-12-04T00:00:00Z,2024-06-30T00:00:00Z
343,524,31175032902184,2020-09-02T00:00:00Z,2024-06-30T00:00:00Z
1086,126,31175034992308,2020-03-10T00:00:00Z,2024-06-30T00:00:00Z
456,217,31175036217423,2019-01-09T00:00:00Z,2024-06-30T00:00:00Z
3291,524,31175012725365,2021-11-08T00:00:00Z,2024-06-30T00:00:00Z
1985,142,31175001377632,2019-09-06T00:00:00Z,2024-06-30T00:00:00Z
3849,673,31175016339387,2021-11-17T00:00:00Z,2024-06-30T00:00:00Z
5353,277,9615460,2021-08-04T00:00:00Z,2024-06-30T00:00:00Z
2102,378,31175031838371,2022-05-03T00:00:00Z,2024-06-30T00:00:00Z
1975,319,31175002723388,2022-02-09T00:00:00Z,2024-06-30T00:00:00Z
4718,223,31175037781435,2022-10-03T00:00:00Z,2024-06-30T00:00:00Z
4079,130,31175018361975,2018-11-07T00:00:00Z,2024-06-30T00:00:00Z
3459,340,31175036717943,2018-08-30T00:00:00Z,2024-06-30T00:00:00Z
4817,213,9113624,2019-12-04T00:00:00Z,2023-06-30T00:00:00Z
4264,495,31175036618893,2019-04-10T00:00:00Z,2019-04-18T00:00:00Z
932,461,31175025961957,2018-12-05T00:00:00Z,2024-06-30T00:00:00Z
1894,588,31175013515179,2022-02-24T00:00:00Z,2024-06-30T00:00:00Z
4112,524,31175035939373,2021-11-08T00:00:00Z,2024-06-30T00:00:00Z
5594,50,9811676,2022-07-06T00:00:00Z,2022-10-13T00:00:00Z
499,206,31175035838385,2022-02-02T00:00:00Z,2024-06-30T00:00:00Z
5073,546,31175038666510,2022-02-04T00:00:00Z,2024-06-30T00:00:00Z
2963,681,31175015472643,2020-09-14T00:00:00Z,2024-06-30T00:00:00Z
5122,38,31130003894340,2019-06-04T00:00:00Z,2021-12-20T00:00:00Z
1089,344,31175028354069,2022-01-27T00:00:00Z,2024-06-30T00:00:00Z
5475,30,31130003872452,2021-09-08T00:00:00Z,2022-06-30T00:00:00Z
2632,129,31175012774041,2022-04-01T00:00:00Z,2024-06-30T00:00:00Z
3864,666,31175013203297,2022-06-17T00:00:00Z,2024-06-30T00:00:00Z
4524,388,31175037605154,2019-06-05T00:00:00Z,2024-06-30T00:00:00Z
1012,207,31175030276151,2022-03-25T00:00:00Z,2024-06-30T00:00:00Z
4102,308,31175024802517,2021-07-18T00:00:00Z,2024-06-30T00:00:00Z
1638,20,31175022570785,2021-11-24T00:00:00Z,2024-06-30T00:00:00Z
4352,217,31175037352393,2019-02-22T00:00:00Z,2024-06-30T00:00:00Z
3593,681,31175026044456,2021-08-11T00:00:00Z,2024-06-30T00:00:00Z
5085,282,31175038459098,2021-08-03T00:00:00Z,2024-06-30T00:00:00Z
4671,419,31175037909788,2020-02-20T00:00:00Z,2024-06-30T00:00:00Z
1174,361,31175007745063,2019-11-14T00:00:00Z,2024-06-30T00:00:00Z
5600,319,9825075,2022-08-01T00:00:00Z,2024-06-30T00:00:00Z
5199,306,31130002428256,2019-09-11T00:00:00Z,2021-12-20T00:00:00Z
4333,366,31175036772260,2019-11-26T00:00:00Z,2024-06-30T00:00:00Z
248,519,31175010959156,2022-03-09T00:00:00Z,2024-06-30T00:00:00Z
2504,699,31175031848909,2022-03-28T00:00:00Z,2024-06-30T00:00:00Z
608,7,31175018371222,2022-11-28T00:00:00Z,2024-06-30T00:00:00Z
1015,206,31175030643004,2021-10-14T00:00:00Z,2024-06-30T00:00:00Z
2393,374,31175019543530,2019-10-25T00:00:00Z,2024-06-30T00:00:00Z
1714,695,31175011288456,2021-11-17T00:00:00Z,2024-06-30T00:00:00Z
2964,461,31175033991699,2018-12-05T00:00:00Z,2024-06-30T00:00:00Z
5557,493,31175038503697,2022-03-01T00:00:00Z,2024-06-30T00:00:00Z
4078,644,31175036574377,2019-03-15T00:00:00Z,2024-06-30T00:00:00Z
1734,493,31175004227933,2019-06-13T00:00:00Z,2024-06-30T00:00:00Z
5104,566,31130002376141,2019-07-11T00:00:00Z,2024-06-11T00:00:00Z
5038,524,31175038655703,2022-09-07T00:00:00Z,2024-06-30T00:00:00Z
672,326,31175019270142,2021-08-02T00:00:00Z,2024-06-30T00:00:00Z
383,545,31175017424378,2018-08-10T00:00:00Z,2024-06-30T00:00:00Z
5118,265,31130002401683,2022-01-19T00:00:00Z,2024-06-11T00:00:00Z
3202,317,31175023897146,2022-06-28T00:00:00Z,2024-06-30T00:00:00Z
2873,525,31175030236726,2022-03-16T00:00:00Z,2024-06-30T00:00:00Z
5512,260,31175038269059,2022-07-21T00:00:00Z,2024-06-30T00:00:00Z
1396,449,31175036272386,2021-09-03T00:00:00Z,2024-06-30T00:00:00Z
5498,666,31175038491224,2022-03-28T00:00:00Z,2024-06-30T00:00:00Z
4683,222,31175037906206,2022-10-21T00:00:00Z,2024-06-30T00:00:00Z
2290,253,31175004195767,2021-10-15T00:00:00Z,2024-06-30T00:00:00Z
3183,524,31175022052685,2022-09-07T00:00:00Z,2024-06-30T00:00:00Z
836,666,31175007635850,2022-07-18T00:00:00Z,2024-06-30T00:00:00Z
5208,41,31130002460226,2019-02-22T00:00:00Z,2019-02-23T00:00:00Z
4999,500,31175038835297,2021-02-19T00:00:00Z,2024-06-30T00:00:00Z
5097,36,31130003899505,2019-01-25T00:00:00Z,2021-12-20T00:00:00Z
4319,495,31175036983719,2019-04-10T00:00:00Z,2019-04-18T00:00:00Z
1821,299,31175030727435,2022-09-12T00:00:00Z,2024-06-30T00:00:00Z
5444,532,31130004042915,2021-08-31T00:00:00Z,2024-06-11T00:00:00Z
1304,422,31175023904850,2022-12-14T00:00:00Z,2024-01-20T00:00:00Z
2781,355,31175033608178,2022-03-16T00:00:00Z,2024-06-30T00:00:00Z
4966,522,31175038987320,2022-12-16T00:00:00Z,2024-06-30T00:00:00Z
3374,326,31175017414130,2021-12-10T00:00:00Z,2024-06-30T00:00:00Z
2076,316,31175035455859,2021-11-30T00:00:00Z,2024-06-30T00:00:00Z
2852,217,31175023924932,2018-11-05T00:00:00Z,2024-06-30T00:00:00Z
3928,619,31175000650559,2022-10-31T00:00:00Z,2024-06-30T00:00:00Z
5238,31,31130002712659,2020-09-21T00:00:00Z,2021-12-20T00:00:00Z
4840,9,31175037878512,2021-02-04T00:00:00Z,2024-06-30T00:00:00Z
1861,19,31175034822174,2021-09-10T00:00:00Z,2024-06-30T00:00:00Z
3249,249,31175021971414,2018-08-01T00:00:00Z,2024-06-30T00:00:00Z
4240,381,31175036579384,2018-09-21T00:00:00Z,2024-06-30T00:00:00Z
2954,447,31175011092882,2022-11-02T00:00:00Z,2024-06-30T00:00:00Z
3824,18,31175031193850,2022-07-22T00:00:00Z,2024-06-30T00:00:00Z
5368,43,31130003844493,2021-09-16T00:00:00Z,2021-09-16T00:00:00Z
177,465,31175030563533,2020-02-16T00:00:00Z,2024-06-30T00:00:00Z
4796,217,31175037795674,2019-11-19T00:00:00Z,2024-06-30T00:00:00Z
5309,296,31130000888022,2019-12-18T00:00:00Z,2024-06-11T00:00:00Z
1822,267,31175036303462,2021-04-24T00:00:00Z,2024-06-30T00:00:00Z
307,129,31175030541869,2019-07-31T00:00:00Z,2024-06-30T00:00:00Z
4915,716,31175038817659,2022-10-20T00:00:00Z,2024-06-30T00:00:00Z
464,520,31175021962728,2022-05-11T00:00:00Z,2024-06-30T00:00:00Z
5433,289,31130004041198,2021-08-31T00:00:00Z,2024-06-11T00:00:00Z
1207,217,31175007665444,2021-07-02T00:00:00Z,2024-06-30T00:00:00Z
303,231,31175024772983,2022-04-06T00:00:00Z,2024-06-30T00:00:00Z
5050,491,31175038457704,2021-08-04T00:00:00Z,2024-06-30T00:00:00Z
2988,471,31175001131971,2022-08-08T00:00:00Z,2024-06-30T00:00:00Z
4571,189,31175037583583,2019-10-24T00:00:00Z,2024-06-30T00:00:00Z
59,151,31175000444235,2020-01-07T00:00:00Z,2024-06-30T00:00:00Z
2860,196,31175034301153,2019-08-02T00:00:00Z,2024-06-30T00:00:00Z
5081,439,31175038462134,2021-08-10T00:00:00Z,2024-06-30T00:00:00Z
1841,293,31175013260610,2019-06-11T00:00:00Z,2024-06-30T00:00:00Z
4077,449,31175033536247,2019-09-04T00:00:00Z,2024-06-30T00:00:00Z
3638,106,31175028644642,2019-06-04T00:00:00Z,2024-06-30T00:00:00Z
2197,184,31175031718607,2019-09-24T00:00:00Z,2024-06-30T00:00:00Z
4828,413,31175037860445,2020-01-17T00:00:00Z,2023-06-30T00:00:00Z
4695,249,8936624,2019-07-23T00:00:00Z,2024-06-30T00:00:00Z
3486,178,31175013458206,2020-02-27T00:00:00Z,2024-06-30T00:00:00Z
67,310,31175026687791,2022-09-04T00:00:00Z,2024-06-30T00:00:00Z
4756,333,31175037765503,2020-01-27T00:00:00Z,2024-06-30T00:00:00Z
2326,167,31175034063746,2018-09-26T00:00:00Z,2024-06-30T00:00:00Z
2209,198,31175035865800,2019-04-10T00:00:00Z,2024-06-30T00:00:00Z
3924,500,31175030173101,2021-10-08T00:00:00Z,2024-06-30T00:00:00Z
4288,77,31175036962911,2022-05-07T00:00:00Z,2024-06-30T00:00:00Z
1311,249,31175029023853,2019-03-12T00:00:00Z,2024-06-30T00:00:00Z
778,675,31175017398523,2019-09-13T00:00:00Z,2024-06-30T00:00:00Z
4069,181,31175033523161,2020-10-15T00:00:00Z,2024-06-30T00:00:00Z
28,650,31175031082665,2022-12-11T00:00:00Z,2024-06-30T00:00:00Z
831,569,31175032703095,2021-11-15T00:00:00Z,2024-06-30T00:00:00Z
5599,576,9818604,2022-07-26T00:00:00Z,2024-04-12T00:00:00Z
3469,475,31175025236848,2019-02-12T00:00:00Z,2024-06-30T00:00:00Z
225,581,31175008112032,2022-07-29T00:00:00Z,2024-06-30T00:00:00Z
1407,253,31175015576542,2021-10-15T00:00:00Z,2024-06-30T00:00:00Z
16,217,31175034763717,2021-09-17T00:00:00Z,2024-06-30T00:00:00Z
4891,500,9230206,2020-03-05T00:00:00Z,2024-06-30T00:00:00Z
1777,304,31175000063712,2021-02-01T00:00:00Z,2024-06-30T00:00:00Z
278,556,31175023890414,2022-07-13T00:00:00Z,2024-01-22T00:00:00Z
1322,449,31175017141162,2020-01-07T00:00:00Z,2024-06-30T00:00:00Z
2206,524,31175035873028,2022-09-07T00:00:00Z,2024-06-30T00:00:00Z
5660,20,9897540,2022-11-15T00:00:00Z,2024-06-30T00:00:00Z
3765,591,31175035441701,2018-08-10T00:00:00Z,2024-06-30T00:00:00Z
2281,187,31175015582300,2019-05-20T00:00:00Z,2024-06-30T00:00:00Z
2937,304,31175015153359,2019-10-11T00:00:00Z,2024-06-30T00:00:00Z
335,425,31175026585219,2022-10-25T00:00:00Z,2024-06-30T00:00:00Z
48,369,31175035550097,2018-08-12T00:00:00Z,2024-06-30T00:00:00Z
3809,473,31175009509798,2022-04-29T00:00:00Z,2024-06-30T00:00:00Z
5388,38,31130004015440,2021-08-13T00:00:00Z,2021-12-20T00:00:00Z
2932,217,31175016581590,2019-02-19T00:00:00Z,2024-06-30T00:00:00Z
2526,249,31175021764280,2021-10-15T00:00:00Z,2024-06-30T00:00:00Z
980,263,31175012955202,2021-11-08T00:00:00Z,2024-06-30T00:00:00Z
3905,449,31175035694788,2020-08-10T00:00:00Z,2024-06-30T00:00:00Z
330,319,31175001377939,2020-02-05T00:00:00Z,2024-06-30T00:00:00Z
2598,651,31175034422850,2022-12-12T00:00:00Z,2023-12-12T00:00:00Z
4076,116,31175033536569,2022-07-17T00:00:00Z,2024-06-30T00:00:00Z
151,395,31175005857951,2022-03-31T00:00:00Z,2024-06-30T00:00:00Z
4205,316,31175036086935,2021-01-25T00:00:00Z,2024-06-30T00:00:00Z
3303,150,31175018600091,2022-04-18T00:00:00Z,2024-06-30T00:00:00Z
1918,129,31175034697592,2021-02-03T00:00:00Z,2024-06-30T00:00:00Z
2185,517,31175018344112,2019-08-20T00:00:00Z,2024-06-30T00:00:00Z
1613,449,31175030595154,2019-08-20T00:00:00Z,2024-06-30T00:00:00Z
2518,253,31175000773120,2021-10-15T00:00:00Z,2024-06-30T00:00:00Z
3521,464,31175020923465,2022-06-07T00:00:00Z,2024-06-30T00:00:00Z
726,20,31175027388464,2022-06-04T00:00:00Z,2024-06-30T00:00:00Z
489,9,31175033654347,2020-10-02T00:00:00Z,2024-06-30T00:00:00Z
4870,685,31175038756337,2020-02-12T00:00:00Z,2024-06-30T00:00:00Z
670,20,31175019268716,2022-09-29T00:00:00Z,2024-06-30T00:00:00Z
1606,299,31175034223548,2022-08-19T00:00:00Z,2024-06-30T00:00:00Z
847,247,31175001841330,2019-09-18T00:00:00Z,2024-06-30T00:00:00Z
2956,569,31175019403305,2021-11-04T00:00:00Z,2024-06-30T00:00:00Z
3863,19,31175003878629,2021-09-15T00:00:00Z,2024-06-30T00:00:00Z
2193,493,31175019304081,2019-10-10T00:00:00Z,2024-06-30T00:00:00Z
1869,449,31175029029546,2022-09-20T00:00:00Z,2024-06-30T00:00:00Z
947,635,31175031143582,2021-10-05T00:00:00Z,2024-06-30T00:00:00Z
3150,217,31175001176703,2022-02-02T00:00:00Z,2024-06-30T00:00:00Z
535,116,31175033392708,2022-07-17T00:00:00Z,2024-06-30T00:00:00Z
3295,394,31175019287666,2018-08-09T00:00:00Z,2024-06-30T00:00:00Z
2133,282,31175007961033,2021-01-07T00:00:00Z,2024-06-30T00:00:00Z
3414,674,31175009013494,2021-12-08T00:00:00Z,2024-06-30T00:00:00Z
4619,231,31175036801028,2019-09-23T00:00:00Z,2024-06-30T00:00:00Z
3026,199,31175024735139,2022-01-14T00:00:00Z,2024-06-30T00:00:00Z
4091,217,31175027340945,2019-11-14T00:00:00Z,2024-06-30T00:00:00Z
3041,585,31175020324326,2022-04-19T00:00:00Z,2024-06-30T00:00:00Z
256,425,31175033483200,2022-05-29T00:00:00Z,2024-06-30T00:00:00Z
4991,500,31175038606086,2021-02-23T00:00:00Z,2024-06-30T00:00:00Z
1103,202,31175032884671,2020-01-23T00:00:00Z,2024-06-30T00:00:00Z
5000,500,31175038835289,2021-02-19T00:00:00Z,2024-06-30T00:00:00Z
407,313,31175034024730,2022-06-16T00:00:00Z,2024-06-30T00:00:00Z
3642,217,31175031849782,2022-06-02T00:00:00Z,2024-06-30T00:00:00Z
5111,573,31130001742426,2022-04-18T00:00:00Z,2024-06-28T00:00:00Z
1272,535,31175000288871,2019-09-26T00:00:00Z,2024-06-30T00:00:00Z
2321,424,31175032932330,2019-10-29T00:00:00Z,2024-06-30T00:00:00Z
5553,317,31175038504745,2022-03-15T00:00:00Z,2024-06-30T00:00:00Z
112,545,31175002883281,2022-08-22T00:00:00Z,2024-06-30T00:00:00Z
1169,479,31175032048921,2020-02-13T00:00:00Z,2024-06-30T00:00:00Z
3327,706,31175035724015,2022-09-15T00:00:00Z,2023-09-15T00:00:00Z
2084,467,31175021412302,2022-04-15T00:00:00Z,2024-06-30T00:00:00Z
1425,471,31175015196523,2022-09-02T00:00:00Z,2024-06-30T00:00:00Z
164,235,31175035012205,2022-09-13T00:00:00Z,2024-06-30T00:00:00Z
3152,19,31175035703431,2022-11-29T00:00:00Z,2024-06-30T00:00:00Z
3342,369,31175000363229,2020-06-22T00:00:00Z,2024-06-30T00:00:00Z
4309,19,31175036977695,2022-04-22T00:00:00Z,2024-06-30T00:00:00Z
4595,116,31175037212233,2022-07-17T00:00:00Z,2024-06-30T00:00:00Z
4146,569,31175036015900,2021-11-05T00:00:00Z,2024-06-30T00:00:00Z
5265,297,31130003521687,2020-04-13T00:00:00Z,2024-06-11T00:00:00Z
1049,381,31175025874705,2021-05-25T00:00:00Z,2024-06-30T00:00:00Z
1247,220,31175016916168,2019-02-07T00:00:00Z,2024-06-30T00:00:00Z
3194,500,31175029404087,2021-10-08T00:00:00Z,2024-06-30T00:00:00Z
2009,129,31175024917190,2019-07-17T00:00:00Z,2024-06-30T00:00:00Z
4498,19,31175037563908,2021-10-11T00:00:00Z,2024-06-30T00:00:00Z
2373,125,31175012685015,2019-07-12T00:00:00Z,2024-06-30T00:00:00Z
3889,359,31175034609167,2022-02-22T00:00:00Z,2024-06-30T00:00:00Z
511,326,31175024242813,2021-08-02T00:00:00Z,2024-06-30T00:00:00Z
3776,322,31175022888534,2020-02-24T00:00:00Z,2024-06-30T00:00:00Z
573,255,31175022140399,2019-05-02T00:00:00Z,2024-06-30T00:00:00Z
3412,217,31175021524338,2022-02-04T00:00:00Z,2024-06-30T00:00:00Z
3892,19,31175008602883,2021-09-13T00:00:00Z,2024-06-30T00:00:00Z
2946,106,31175021180180,2020-09-30T00:00:00Z,2024-06-30T00:00:00Z
727,465,31175027500274,2020-02-16T00:00:00Z,2024-06-30T00:00:00Z
3877,217,31175033670913,2019-09-03T00:00:00Z,2024-06-30T00:00:00Z
1679,137,31175021069938,2018-09-28T00:00:00Z,2024-06-30T00:00:00Z
3084,161,31175032038666,2022-02-01T00:00:00Z,2024-06-30T00:00:00Z
1000,523,31175031695391,2018-07-25T00:00:00Z,2024-06-30T00:00:00Z
2594,449,31175033465512,2019-09-23T00:00:00Z,2024-06-30T00:00:00Z
549,381,31175026046964,2018-09-21T00:00:00Z,2024-06-30T00:00:00Z
236,425,31175014134640,2019-04-05T00:00:00Z,2024-06-30T00:00:00Z
4063,546,31175034368350,2020-02-26T00:00:00Z,2024-06-30T00:00:00Z
2829,392,31175034406424,2022-11-18T00:00:00Z,2023-03-02T00:00:00Z
3163,536,31175027533192,2020-07-01T00:00:00Z,2024-06-30T00:00:00Z
1830,471,31175000051196,2019-06-06T00:00:00Z,2024-06-30T00:00:00Z
5101,265,31130000988152,2019-07-29T00:00:00Z,2024-06-11T00:00:00Z
4135,616,31175035958761,2019-11-08T00:00:00Z,2024-06-30T00:00:00Z
3574,259,31175025582555,2019-02-19T00:00:00Z,2024-06-30T00:00:00Z
858,299,31175002089475,2020-09-24T00:00:00Z,2024-06-30T00:00:00Z
1283,674,31175034779374,2022-02-24T00:00:00Z,2024-06-30T00:00:00Z
2261,449,31175012108091,2018-09-06T00:00:00Z,2024-06-30T00:00:00Z
1807,419,31175022924875,2020-01-15T00:00:00Z,2024-06-30T00:00:00Z
2013,253,31175017917470,2021-10-15T00:00:00Z,2024-06-30T00:00:00Z
4194,146,31175036067208,2021-10-17T00:00:00Z,2024-06-30T00:00:00Z
5094,36,31130004038624,2020-01-29T00:00:00Z,2021-12-20T00:00:00Z
3220,212,31175034405038,2021-01-20T00:00:00Z,2024-06-30T00:00:00Z
5559,659,31130004080006,2022-02-10T00:00:00Z,2024-01-22T00:00:00Z
1373,106,31175036461609,2018-07-18T00:00:00Z,2024-06-30T00:00:00Z
4419,369,31175037046680,2020-07-22T00:00:00Z,2024-06-30T00:00:00Z
5311,692,31130002752747,2022-08-25T00:00:00Z,2024-06-11T00:00:00Z
835,116,31175032701800,2022-07-17T00:00:00Z,2024-06-30T00:00:00Z
972,303,31175017278022,2019-04-17T00:00:00Z,2024-06-30T00:00:00Z
622,365,31175034861008,2020-01-08T00:00:00Z,2024-06-30T00:00:00Z
5378,126,31130003822267,2021-09-10T00:00:00Z,2024-06-11T00:00:00Z
1108,105,31175027448276,2018-08-17T00:00:00Z,2024-06-30T00:00:00Z
2552,449,31175022132396,2020-07-06T00:00:00Z,2024-06-30T00:00:00Z
183,374,31175026561632,2019-10-25T00:00:00Z,2024-06-30T00:00:00Z
3830,247,31175001458762,2019-09-18T00:00:00Z,2024-06-30T00:00:00Z
946,317,31175035007445,2022-10-11T00:00:00Z,2024-06-30T00:00:00Z
205,304,31175017640395,2019-08-22T00:00:00Z,2024-06-30T00:00:00Z
1776,267,31175026501323,2021-12-10T00:00:00Z,2024-06-30T00:00:00Z
1691,501,31175035726143,2019-07-12T00:00:00Z,2024-06-30T00:00:00Z
3620,369,31175013136828,2020-08-10T00:00:00Z,2024-06-30T00:00:00Z
979,585,31175035671158,2022-09-26T00:00:00Z,2024-06-30T00:00:00Z
3051,258,31175033919609,2021-11-27T00:00:00Z,2024-06-30T00:00:00Z
2640,456,31175002477084,2022-05-31T00:00:00Z,2024-06-30T00:00:00Z
228,465,31175003539015,2020-02-16T00:00:00Z,2024-06-30T00:00:00Z
2706,235,31175026846215,2020-01-09T00:00:00Z,2024-06-30T00:00:00Z
704,520,31175027339582,2019-02-26T00:00:00Z,2024-06-30T00:00:00Z
4001,316,31175022091675,2022-09-09T00:00:00Z,2024-06-30T00:00:00Z
5287,306,31130002428074,2019-09-11T00:00:00Z,2021-12-20T00:00:00Z
1034,197,31175032480025,2021-07-28T00:00:00Z,2024-06-30T00:00:00Z
849,407,31175033999478,2020-02-09T00:00:00Z,2024-06-30T00:00:00Z
110,365,31175033314017,2020-01-08T00:00:00Z,2024-06-30T00:00:00Z
582,265,31175000329832,2019-09-12T00:00:00Z,2024-06-30T00:00:00Z
1408,569,31175015582722,2022-10-06T00:00:00Z,2024-06-30T00:00:00Z
3933,569,31175033533814,2021-11-05T00:00:00Z,2024-06-30T00:00:00Z
4914,258,31175038955921,2021-09-26T00:00:00Z,2024-06-30T00:00:00Z
3855,384,31175028915026,2021-03-01T00:00:00Z,2024-06-30T00:00:00Z
3550,416,31175030760964,2019-08-27T00:00:00Z,2024-06-30T00:00:00Z
23,255,31175019993487,2019-01-15T00:00:00Z,2024-06-30T00:00:00Z
2055,464,31175036211863,2019-07-28T00:00:00Z,2024-06-30T00:00:00Z
190,316,31175020525906,2022-01-28T00:00:00Z,2024-06-30T00:00:00Z
557,316,31175034647878,2019-09-26T00:00:00Z,2024-06-30T00:00:00Z
3056,146,31175021378875,2021-10-17T00:00:00Z,2024-06-30T00:00:00Z
1262,316,31175028404120,2021-10-07T00:00:00Z,2024-06-30T00:00:00Z
870,20,31175027838013,2022-05-06T00:00:00Z,2024-06-30T00:00:00Z
867,259,31175022827748,2019-02-19T00:00:00Z,2024-06-30T00:00:00Z
2810,308,31175009119424,2018-08-21T00:00:00Z,2024-06-30T00:00:00Z
1703,519,31175003773473,2020-01-06T00:00:00Z,2024-06-30T00:00:00Z
2839,162,31175032079058,2020-12-17T00:00:00Z,2024-06-30T00:00:00Z
3481,321,31175036677139,2021-11-16T00:00:00Z,2024-06-30T00:00:00Z
4131,129,31175035962276,2019-04-10T00:00:00Z,2024-06-30T00:00:00Z
2737,584,31175032980123,2022-09-27T00:00:00Z,2024-06-30T00:00:00Z
4272,564,31175034955289,2018-12-11T00:00:00Z,2024-06-30T00:00:00Z
91,304,31175035431769,2020-10-16T00:00:00Z,2024-06-30T00:00:00Z
1660,195,31175001739690,2022-10-17T00:00:00Z,2024-06-30T00:00:00Z
2999,255,31175007129466,2019-01-04T00:00:00Z,2024-06-30T00:00:00Z
496,432,31175035833006,2019-10-08T00:00:00Z,2023-10-13T00:00:00Z
880,206,31175034232853,2022-10-14T00:00:00Z,2024-06-30T00:00:00Z
5051,294,31175038654185,2021-05-20T00:00:00Z,2024-06-30T00:00:00Z
1246,585,31175036707647,2022-04-19T00:00:00Z,2024-06-30T00:00:00Z
826,357,31175033974091,2019-05-17T00:00:00Z,2024-06-30T00:00:00Z
4832,524,31175038747237,2022-11-07T00:00:00Z,2024-06-30T00:00:00Z
1506,19,31175028532441,2020-12-08T00:00:00Z,2024-06-30T00:00:00Z
1568,217,31175034217789,2019-02-28T00:00:00Z,2024-06-30T00:00:00Z
788,568,31175021614550,2018-10-21T00:00:00Z,2024-06-30T00:00:00Z
715,666,31175023870366,2021-08-10T00:00:00Z,2024-06-30T00:00:00Z
4429,272,31175037089847,2018-09-06T00:00:00Z,2024-06-30T00:00:00Z
2422,556,31175034590540,2022-06-01T00:00:00Z,2024-01-22T00:00:00Z
4746,598,31175037832766,2021-12-07T00:00:00Z,2024-06-30T00:00:00Z
